,,
الباركود,اسم الصنف,سعر البيع
6271001300503,كـتـكـو ستيكس بهارات حارة 40 جم,50.00
8699401436123,ريجو رانش صوص 330 ملل,145.00
8699401436130,ريجو صوص باربكيو 330 جم,135.00
8006363033077,بياليتي كبسولات قهوة ألمنيوم رافيناتو، 10 ق,170.00
8699401436222,ريجو صوص دبس الرمان 250 ملل,120.00
5053990101566,برينجلز كاتشب 165 جم,180.00
5012547001759,كوسنا كبسولات مزيج امازونى,300.00
6271001320501,كـتـكـو ستيكس كاتشب 40 جم,50.00
8801073216563,ساميانج تانجل طبق فطر كريمي 105 جم,280.00
6225000450714,غسول بيبرون - بيبي ستار,100.00
5900617002976,جرانولا مكسرات 350 جم,185.00
8801073116849,ساميانج تانجل زيت الثوم كيس 105 جم,200.00
6271001330456,كـتـكـو ستيكس بابريكا 40 جم,50.00
8699401436024,ريجو صوص كاتشب 600 ملل,140.00
6271001380451,كـتـكـو ستيكس كريمه حامضه وبصل 40 جم,50.00
15300200234,شيتوس مكرونة سبايسي 160 جم,300.00
13000008525,هاينز خل ابيض مقطر 473 ملل,450.00
8699401436093,ريجو صوص برجر 330 جم,145.00
15300014985,شيتوس مكرونة جبنة 160 جم,300.00
8006363033084,بياليتي كبسولات قهوة ألمنيوم إنتنسو، 10 ق,170.00
8699401436062,ريجو صوص مايونيز 330 ملل,115.00
6291105091534,كرافت سكويز 440 جم جبنه شيدر 2 ق,590.00
8699401436161,ريجو صوص ليمون 500 ملل,70.00
11103794,توصيل انستاباى,200.00
6084012090284,كرافت سكويز 440 جم جبنه شيدر,300.00
8699401436147,ريجو صوص حار 350 ملل,115.00
3068320124537,مياه ايــفيـــان 500 ملل,80.00
6290340600457,كـتـكـو ستيكس تاباسكو 40 جم,50.00
7630030390029,نسبرسو ماكينه اركينو 3,"6,500.00"
70177173166,توينجز شاى اخضر ياسمين,250.00
6271001390450,كـتـكـو ستيكس خل وملح 40 جم,50.00
5900617002105,سانتى ميكس فواكه 350 جم,185.00
6271001370452,كـتـكـو ستيكس فلفل احمر حار 40 جم,50.00
6271001360453,كـتـكـو ستيكس دجاج مشوى 40 جم,50.00
713179705590,بن العميد قهوة يونانى 250 جم كويتى,550.00
6281100404149,معمول بر فاخر,190.00
6224011376297,يوني كافيه هوت شوكليت بندق,15.00
8699401436109,ريجو صوص هوت افريكانو 330 جم,145.00
8699401436116,ريجو صوص شيدر 330 جم,145.00
8801073113800,ساميانج رامين اكسترا سبايسى,110.00
8699401436154,ريجو صوص سويت شيلى 280 جم,150.00
8801073216570,ساميانج تانجل طبق زيت الثوم 105 جم,280.00
8004399332928,نسبرسو ماكينة ايسينزا شكل هرمي,"10,000.00"
8801073116832,ساميانج تانجل فطر كريمى كيس 105 جم,200.00
8699401436017,ريجو صوص كاتشب 350 ملل,100.00
8006363033091,بياليتي كبسولات قهوة ألمنيوم كريماسو، 10 ق,170.00
6225000450790,بيبي ستار غسول ملابس الاطفال - 1.75 ك,245.00
6271001310502,كـتـكـو ستيكس ملح قليل 40 جم,50.00
6223001241614,مناديل زينه,40.00
8699401436178,ريجو صوص ليمون 1000 ملل,110.00
8004399334540,ماكينة دولسى جوستو اس بلاس,"10,000.00"
6223006312586,ابو عوف بن فاتح محوج بالهيل 100 جم,85.00
6223006312579,ابو عوف بن محوج وسط بالهيل 100 جم,85.00
6223006312623,ابو عوف بن ساده فاتح 100 جم,75.00
5201098111301,اتيكا عسل نحل يوناني 470 جم,750.00
20436575,اتيكا عسل نحل غذاء الملكات 500 جم,"2,000.00"
5201098115200,اتيكا عسل نحل زعتر احمر 455 جم,750.00
5201098110106,اتيكا عسل نحل يوناني 1 كجم,"1,300.00"
5201098110205,اتيكا عسل نحل يوناني 455 جم,750.00
5201098116207,اتيكا عسل نحل التنوب اخضر 455 جم,750.00
8001200025505,مكرونة اجينيسي فوسيلي 78,160.00
8001200033340,مكرونة اجينيسي تاجلاتيلي ميتزاني نصف نوديلز,200.00
8001200045039,مكرونة اجينيسي سباجيتي 3,130.00
8001200045299,مكرونة اجينيسي بيني ريجاتي 19,130.00
8001200044261,مكرونة اجينيسي فيتوتشيني فلات,130.00
8001200045831,مكرونة اجينيسي فارفالي 61,160.00
8001200045473,مكرونة اجينيسي ريجاتيوني 49,130.00
8001200045275,مكرونة اجينيسي بينيتي ريجاتي 87,160.00
8001860870040,سكوتي ارز طويل الحبه 1 كجم,350.00
6281100411109,ابو كاس ارز بسمتي هندي 1 كجم,220.00
8000300422559,افتر ايت كيس 57 جم,300.00
5000189363069,افتر ايت دارك نعناع 200 جم,330.00
5000426171518,افتر ايت دارك نعناع 300 جم,350.00
8593893781832,افتر ايت كوليكشن 199 جم,600.00
7613032596668,افتر ايت 200 جرام,285.00
7613035903401,افتر ايت دارك فراوله 200 جم,330.00
8850632607939,اكستريم ساور تفاح 25 جم,15.00
8850632608714,اكستريم ساور فراوله 20 جم,15.00
8850632608974,اكستريم ساور تفاح 20 جم,15.00
6904986143550,اكستريم ساور كاندي برتقال 18 جم,20.00
8850632608950,اكستريم ساور كولا 20 جم,15.00
6904986143581,اكستريم ساور كاندي ليمون 18 جم,15.00
6904986143420,اكستريم ساور كاندي عنب 18 جم,20.00
6904986143390,اكستريم ساور كاندي فراوله 18 جم,15.00
6904986143499,اكستريم ساور ميكس فروت 60 جم,100.00
696177381921,روبست اكل كلاب اسنان & جام كير 500 جم,300.00
696177382263,روبست اكل كلاب ادالت تريتس هيلثي 500 جم,300.00
696177381914,روبست اكل كلاب سكين & كوت كير 500 جم,300.00
696177381907,روبست اكل كلاب هيب & جوينت كير 500 جم,300.00
6281013162020,الربيع شاي فتله 50 كيس,80.00
6281013165090,الربيع الاقوي شاي ناعم 250 جم,65.00
6221030011635,الشمعدان تيبو ميني بندق 90 جم,35.00
6221030009120,الشمعدان ميني كتاكيتو 55 جم,30.00
6221030009694,الشمعدان ميني ميكس 150 جم,55.00
6221030009205,الشمعدان تيبو ميني شيكولاته 90 جم,35.00
6221030011642,الشمعدان تيبو ميني ميلك 90 جم,35.00
5065014665244,توربيدو مصاصه خاتم اطعم 10 جم,15.00
6944516003268,كريزي رول بابل جام 12 جم,20.00
5065014665862,توربيدو توي بخاخ فواكهه 20 مل,40.00
5065014665954,توربيدو كاندي محطه بنزين 8 جم,80.00
8435124856332,وار هيدز سوبر ساور 40 جم,110.00
5065014665831,توربيدو كاندي ايس كريم بوب 27 جم,40.00
6925488623319,كاندي مروحه 20 جم,30.00
6961965904618,جيلي كاندي اشاره 57 جم,40.00
5065014665985,توربيدو كاندي مبرد مياه 20 جم,80.00
5065014665121,توربيدو كاندي برجر بوب 20 جم,80.00
5904917030646,موزه سبراي 40 مل,85.00
6942797402350,موزه سبراي 25 مل,75.00
6973823913014,جامي بيج برجر 32 جم,80.00
6931722325864,مسدس ديناصور 10 جم,90.00
6931722320029,فاني ديب فلاش كاندي توي 20 جم,100.00
6254000115743,العميد بن وسط مع هيل 200 جم,400.00
6253806490641,العميد بن فاتح بدون هيل 8 جم,20.00
6253806491327,العميد كلاسيك 3*1 - 20 جم,20.00
6253806490634,العميد بن وسط بدون هيل 8 جم,20.00
6253806490610,العميد بن فاتح مع هيل 8 جم,20.00
713179705538,العميد بن انواع كويتي 250 جرام,550.00
6254000115781,العميد بن فاتح بدون هيل 200 جم,400.00
6254000115804,العميد قهوه فرنسيه 200 جم,400.00
6254000115767,العميد بن غامق مع هيل 200 جم,400.00
6254000115750,العميد بن فاتح بالهيل 200 جم,400.00
713179705576,العميد قهوه فرنسيه 250 جم,550.00
6253806490603,العميد بن وسط مع هيل ظرف 8 جم,20.00
6254000115774,العميد بن وسط بدون هيل 200 جم,400.00
4796002516507,الغزالين شاي اخضر 250 جم,145.00
5014176004927,الغزالين شاي سيلاني 250 جم,180.00
9501033112056,المدهش بطاطس مملح 15 جم,30.00
9501033112414,المدهش بطاطس ساور كريم 15 جم,30.00
6291106853360,الودق قشطه شبيهه 155 جم,50.00
8028696268155,اماتو ملح طعام خشن 1 كجم,80.00
8028696268117,اماتو ملح طعام خشن 1 كجم,80.00
8990044000017,بوكي ستيكس فراوله 45 جم,65.00
8699141156961,امادا موود كراميل ماكياتو 40 جم,45.00
8691707140025,امادا ستيكس جوزهند 32 جم,50.00
8990044000024,بوكي ستيكس كوكيز كريم 40 جم,65.00
8699141057732,امادا موود دارك شوكليت 135 جم,120.00
8699141057053,امادا موود ميلك شوكليت 135 جم,120.00
8990044000000,بوكي ستيكس شيكولاته 47 جم,65.00
8699141058340,امادا موود كراميل ماكياتو 135 جم,120.00
8990044000031,بوكي ستيكس دابل شوكو 47 جم,65.00
8699141157012,امادا موود دارك شوكليت 40 جم,50.00
8699141157005,امادا موود ميلك شوكليت 40 جم,45.00
8008714006341,اميكا تشيز بولز 125 جم,120.00
8008714002152,اميكا الدورادا ملح 400 جم,550.00
8008714000172,اميكا شيبس ملح 200 جم,160.00
8008714006365,اميكا بيتزا بولز 125 جم,120.00
8008714000721,اميكا الفريدو شيبس باربكيو 130 جم,120.00
8008714000219,اميكا تشيبس ستيكس ملح اوريجينال 50 جم,25.00
8008714000080,اميكا تشيبس ستيكس بالجبنة 50 جم,25.00
8008714002787,اميكا الدورادا ملح اقل 400 جم,550.00
8008714001216,اميكا الفريدو شيبس ترفل 100 جم,160.00
30,اميكا كوب سناكس 30 جم,30.00
8008714000806,اميكا الفريدو شيبس ملح 150 جم,160.00
8008714006334,اميكا تشيز كورن 125 جم,120.00
8008714001735,اميكا شيبس بابريكا 180 جم,160.00
8008714000523,اميكا سناكس جبنه 100 جم,120.00
8008714000783,اميكا الفريدو شيبس ملح 130 جم,120.00
8008714000899,اميكا الفريدو شيبس زيت زيتون 130 جم,120.00
8008714006358,اميكا بيتزا رينجز 125 جم,120.00
9556023331078,اورينتال البازلاء الخضراء 60 جم,100.00
9556023228101,اورينتال روستيك بالحبار 60 جم,100.00
9556023331597,اورينتال سوبر رينج 60 جم,100.00
9556023228156,اورينتال روستيك فراخ 60 جم,100.00
9556023897741,اورينتال تشيز بولز 60 جم,100.00
9556023228057,اورينتال روتا روبيان 60 جم,100.00
9556023221454,اورينتال تشيكن رينج 60 جم,100.00
8934680033428,اوريو ويفر رول فانيليا 54 جم,85.00
7622300335809,اوريو سوفت كيك 16 جم,20.00
8934680033442,اوريو ويفر رول شيكولاته 54 جم,85.00
8992760221028,اوريو بوكيمون بسكويت,50.00
8691707036694,اوزمو كريم 35 جم,35.00
8691707061405,اوزمو دينو 2*1 - 18 جم,60.00
8691707140117,اوزمو هوكسي بوكسي 36 جم علبة,45.00
8699141035747,اوزمو وندرز 20 جم,60.00
8691707036014,اوزمو بيضه شيكولاته 20 جم,60.00
8691707057149,اوزمو برجر 40 جم,35.00
8699141157104,اوزمو هوبو 40 جم,35.00
8691707087962,اوزمو مصاصه شيكولاته 23 جم,50.00
5701397301361,اوكي كيتل شيبس هالبينو 150 جم,150.00
5701397300203,اوكي كيتل شيبس ملح بحرى & فلفل اسود 150 جم,150.00
5701397326531,اوكي كيتل شيبس ساور كريم & بصل 150 جم,150.00
5701397396527,اوكي كيتل شيبس ملح بحرى 150 جم,150.00
5701397326548,اوكي كيتل شيبس بابريكا 150 جم,150.00
5701397301330,اوكي كيتل شيبس خل وملح 150 جم,150.00
5701397326623,اوكي كيتل شيبس خل بلسمك & طماطم 150 جم,150.00
5701397326616,اوكي كيتل شيبس سويت باربكيو 150 جم,150.00
8681571349259,كافي كراون 2*1 كلاسيك بدون سكر 11 جم,40.00
8690840185733,اولكر توفي فواكهه 350 جم,140.00
8681571348504,كافي كراون كابتشينو 25 جم,20.00
8690840183326,اولكر توفي مستكة 350 جم,140.00
8690504096689,كافي كراون موكا شيكولاته 17 جم,15.00
8681571349259,كافي كراون 2*1 كلاسيك بدون سكر 11 جم,15.00
8681571349303,كافيه كراون لاتيه 17 جم,15.00
8681571349020,كافى كراون 3*1 كلاسيك 17.5 جم,15.00
8690504098904,كافي كراون 3*1 بندق 18 جم,15.00
11104171,كافي كراون 3*1 كلاسيك 17.5 جم,15.00
8684201390751,كافى كراون كابتشينو بدون سكر 25 جم,20.00
11104172,كافى كراون كابتشينو بدون سكر 12.5 جم,20.00
8690504096603,كافي كراون موكا شيكولاته بيضاء 17 جم,15.00
4903013278199,اوماي سناكس جبنه 6 جم,12.50
4903013278298,اوماي سناكس ذره 6 جم,20.00
4903013278236,اوماي سناكس توابل 5 جم,20.00
6223001930082,بركة مياه 600 ملل,6.00
6225000467217,اوه مياه 600 مل,6.00
3466603,ايس بريكرز ديو رازبيري 36 جم,120.00
3466506,ايس بريكرز ديو مينتس فراوله 42 جم,120.00
3499504,ايس بريكرز ساور ميكس بيري 42 جم,120.00
3400801,ايس بريكرز مينت قرفه 42 جم,120.00
3421105,ايس بريكرز ديو بطيخ 36 جم,120.00
3400704,ايس بريكرز مينت كولمينت 42 جم,120.00
3400908,ايس بريكر مينت وينتر جرين 42 جم,120.00
3400607,ايس بريكرز مينت سبيرمنت 42 جم,120.00
3409802,ايس بريكرز ساور بطيخ & تفاح اخضر & يوسفي 42 جم,120.00
6224009922567,وندرفيل كوكيز & كريمه كوب 150 مل,30.00
6224003145054,وندرفيت مانجو كوب 200 مل,60.00
6223009522593,وندرفيل زبادي توت 800 مل,110.00
6224009922017,وندرفيل شيكولاته كوب 150 مل,35.00
6223009524108,وندرفيل زبادي توت ساندويتش,35.00
6223009524306,وندرفيل موتشي مانجو 4*140 جم,120.00
6223009524153,وندرفيل مانجو راوند ستيك,35.00
6224009922055,وندرفيل زبده فول سوداني كوب 150 مل,30.00
6224003145078,وندرفيل شيكولاته بلجيكيه ستيك 80 مل,60.00
6224009922154,وندرفيل شيكولاته ستيك,25.00
6223009520278,وندرفيل بربل كوكيز ستيك,25.00
6223009520506,وندرفيل كونو زبادي توت,25.00
6224009922352,وندرفيل كوتن كاندي ستيك,25.00
6223009522340,وندرفيل شيكولاته 800 مل,110.00
6223009524283,وندرفيل موتشي زبادي توت 4*140 جم,120.00
6224009922048,وندرفيل فانيليا كوب 150 مل,35.00
6224009922536,وندرفيل بابل جام كوب 150 مل,25.00
6224009922109,وندرفيل فانيليا كونو,25.00
6224002300041,سموتشي فراوله 192 جم,200.00
6224009922147,وندرفيل فانيليا بندق ستيك,25.00
6224009922376,وندرفيل ساندوتش بسكويت مكرمل 1 ق,45.00
6224003145030,وندرفيت كوتن كاندى بدون سكر كوب,60.00
6224009922765,وندرفيل بابل جام كونو,20.00
6224009922215,كولد ستون شيكولاته كوب 150 مل,30.00
6223009524139,وندرفيل بندق صقلي و شوكولاته راوند ستيك 90 مل,35.00
6223009520438,وندرفيل بربل كوكيز ساندويتش,25.00
6224009922024,وندرفيل فراوله كوب 150 مل,25.00
6224009922550,وندرفيل كونو كوتن كاندي 1 ق,25.00
6224009922291,كولد ستون شيكولاته ستيك,30.00
6223009520308,ويمزي كوكيز كريمه كوب 200 مل,20.00
6224003145085,وندرفيت فانيليا فرنسيه ستيك 80 مل,50.00
6224009922062,وندرفيل كوتن كاندي كوب 150 مل,25.00
6224009922093,وندرفيل كوكيز كريمه كونو,25.00
6223009524146,ايس كريم جوز الهند والشيكولاته البيضاء,35.00
6223009522357,وندرفيل فانيليا 800 مل,110.00
6224003145047,وندرفيل شيكولاته بليجكيه 200 مل,70.00
6224003145016,وندرفيل فانيليا فرنسيه كوب 200 مل,60.00
6223009520490,وندرفيل زبادي توت ستيك,25.00
6223009524184,وندرفيل باشون فروت راوند ستيك,35.00
6224009922512,وندرفيل مانجو طبيعي 150 مل,25.00
6224009922185,كولد ستون موكا باي كوب 150 مل,30.00
6224009922307,كولد ستون ايس كريم بسكويت مكرمل,30.00
6223009524320,كولد ستون بلوبيري تشيز كيك كيري كوب 150 مل,45.00
6223009522371,ايس كريم وندرفيل مانجو طبيعى نباتي بدون لبن 800 ملل,120.00
6224009922529,وندرفيل بابل جام ستيك,25.00
6224009922116,وندرفيل شيكولاته كونو,25.00
6223009524115,وندرفيل كوكيز كونو بقطع الكوكيز 1 ق,25.00
6223009524467,وندرفيل موتشي كوكيز & كريمه 4 ق,120.00
6224009922277,كولد ستون شيكولاته ستيك,30.00
6224009922314,كولد ستون شيكولاته كونو,25.00
6224002300065,سموتشي مانجو عويس 192 جم,190.00
6223009520445,وندرفيل ساندوتش بابل جام 1 ق,25.00
6224003145092,وندرفيت فستق ستيك 80 مل,70.00
6223009520315,ويمزي مانجو 200 مل,20.00
6223009524290,وندرفيل موتشي لبان 4*140 جم,120.00
6224009922284,كولد ستون فانيليا ستيك,30.00
6223009524474,وندرفيل موتشي شوكولاته 4 ق,120.00
6224002300010,سموتشي مانجو الفونس 192 جم,200.00
6224002300034,سموتشي فانيليا 192 جم,190.00
6224002300027,سموتشي شوكلت 192 جم,190.00
6224003145023,وندرفيل توت ازرق بدون سكر 200 مل,50.00
6224009922321,كولد ستون فانيليا & صوص كراميل كونو,25.00
6224009922369,كولد ستون كوكيز & كريم ساندويتش,35.00
6224009922031,وندرفيل زبادي توت كوب 150 مل,35.00
6223009520254,وندرفيل بربل كوكيز كوب 150 مل,25.00
6223009520322,ويمزي فانيليا كوب 200 مل,20.00
6223009520421,وندرفيل ساندوتش كوتن كاندي 1 ق,25.00
6223009522692,كولد ستون دبل كوكيز ساندوتش,45.00
11101310,ايس كريم كولا 1 ق,50.00
1110672,ايس كريم تشيز كيك فراوله 1 ق,35.00
6223009522432,وندرفيل كوكيز ستيك شوكلت 1 ق,25.00
1110664,ايس كريم بورلي كريم 1 ق,50.00
1110665,ايس كريم كاندي 1 ق,50.00
11102734,ايس كريم بوينو - 1ق,35.00
1110673,ايس كريم بابل جم 1 ق,30.00
11102733,ايس كريم موكا - 1ق,30.00
1110666,ايس كريم مستكه 1 ق,35.00
1110663,ايس كريم شوكولاته 1 ق,35.00
1110669,ايس كريم فستق 1 ق,50.00
1110670,ايس كريم مانجو 1 ق,35.00
11101028,ايس كريم فانيليا 1 ق,30.00
1110661,ايس كريم سنيكرز 1 ق,35.00
1110662,ايس كريم فراوله 1 ق,35.00
1110667,ايس كريم روشيه 1 ق,35.00
11101507,ايس كريم شيكولاته دبي 1 ق,75.00
1110668,ايس كريم ليمون 1 ق,50.00
11101311,ايس كريم نسكافيه جولد 1 ق,50.00
1110671,ايس كريم زبادي توت 1 ق,35.00
11102929,ايس كريم بالوزن - 1 كيلو,550.00
8421826510092,ايس كريم موتشي بيستاشيو 6 ق,350.00
11103361,ايس كريم لوتس بيسكوف ستيك 60 مل,130.00
3274664224974,ايس كريم ميلكا ستيك فانيليا 4*90 مل,620.00
5410126007701,ايس كريم لوتس بيسكوف 6*60 مل,760.00
5410126037005,ايس كريم لوتس بيسكوف 4*90 مل,620.00
8711327373013,ايس كريم بين & جيري مارشميلو 465 مل,500.00
8711327373969,ايس كريم بين & جيري كراميل 465 مل,500.00
8421826410033,ايس كريم موتشي جوزهند 6 ق,350.00
8421826410026,ايس كريم موتشي مانجو 6 ق,350.00
8711327371682,ايس كريم بين & جيري كوكيز 465 ل,500.00
5410126017007,ايس كريم لوتس بيسكوف ستيك 90 مل,150.00
8711327374515,ايس كريم بين & جيري زبده فول سوداني 465 مل,500.00
8000500405598,ايس كريم فريرو راوند شوكليت 280 جم,550.00
8421826506095,ايس كريم موتشي تشيز كيك 6 ق,400.00
8421826508136,ايس كريم موتشي فانيلا 6 ق,350.00
8421826410057,ايس كريم موتشي شوكليت 6 ق,350.00
8711327374126,ايس كريم بين & جيري فراوله 465 مل,500.00
6224003145061,وندرفيت فستق كوب 200 مل,75.00
8000500365618,ايس كريم فريرو كلاسيك ستيك 70 مل,150.00
8003753902630,ايلي كلاسيكو مطحون فلتر 250 جم,520.00
8003753158556,ايلي كبسولات كلاسيكو 57 جم,330.00
8003753970073,ايلي غواتيمالا حبوب 250 جم,520.00
8003753167299,ايلي ارابيكا انديا 250 جم,520.00
8003753158709,ايلي كبسولات فورتي اكسترا بولد 10 ق,440.00
8003753939964,ايلي اثيوبيا صفيح 125 جم,350.00
8003753900490,ايلي صفيح ديكافيين 250 جم,520.00
8003753970066,ايلي صفيح حبوب اثيوبيا 250 جم,680.00
8003753158617,ايلي كبسولات لانجو 57 جم,330.00
8003753915050,ايلي صفيح مطحون كلاسيكو موكا بوت 250 جم,520.00
8003753900469,ايلي انتنسو بولد روست 250 جم,680.00
8003753158761,ايلي كبسولات انتنسو بولد 10 ق,440.00
8003753214887,ايلي برازيل حبوب صفيح 250 جم,680.00
8003753158679,ايلي كبسولات كلاسيك روست 10 ق,440.00
8003753168142,ايلي كبسولات دي كافيين 10 ق,330.00
8003753215006,ايلي برازيل مطحون 250 جم,520.00
8003753158648,ايلي كبسولات انتنسو 57 جم,330.00
8003753199009,ايلي كبسولات انتنسو بولد لانجو 57 جم,330.00
8003753918198,ايلي انتينسو خضراء حبوب صفيح 250 جم,680.00
8003753950921,ايلي صفيح مطحون انتنسو بولد روست فلتر 250 جم,680.00
8003753158587,ايلي كبسولات فورتي 57 جم,330.00
8003753158730,ايلي كبسولات لونجو 57 جم,440.00
8003753900520,ايلي كلاسيك صفيح حبوب 250 جم,680.00
8003753900438,ايلي كلاسيكو مطحون صفيح 250 جم,680.00
8003753189765,ايلي كابتشينو مثلج 250 مل,100.00
5011053025952,جوسي دروب ساور جيل 67 جم,150.00
8003753189789,ايلي لاتيه ماكيتو قهوه مثلجه 250 مل,100.00
4711476617109,جورميه ايس كوفي فانيلا 240 مل,50.00
8003753177656,ايلي كلاسيكو قهوه مثلجه 250 مل,100.00
8698701031144,ايليت شيكولاته اسبريسو 36 جم,30.00
8698701032783,ايليت شيكولاته بالكاندي 36 جم,35.00
8698701003417,ايليت دارك 62% - 36 جم,30.00
111103149,ايليت بسكويت & شوكو هند بالوزن,0.00
11110987,ايليت شيكولاته ايموجي & بوهيم بالوزن,0.00
11110848,ايليت شيكولاته انواع بالوزن,0.00
8698701040849,ايليت كنافه فستق 90 جم,280.00
6920702088080,ايليش مياه فواره برتقال 350 مل,55.00
6920702086871,ايليش مياه فواره اناناس 350 مل,55.00
6920702088028,ايليش مياه فواره تفاح اخضر 350 مل,55.00
6920702088066,ايليش مياه فواره كيوي & بطيخ 350 مل,55.00
6920702088059,ايليش مياه فواره مانجو 350 مل,55.00
6920702088882,ايليش مياه فواره خوخ 350 مل,55.00
6920702088073,ايليش مياه فواره شيري 350 مل,55.00
5012501013170,ايون شيكولاته بندق 200 جم,200.00
5201127013866,ايون بريك شيكولاته ميلك بندق كامل 85 جم,95.00
5201127049865,ايون بريك شيكولاته بيضاء مكسرات 85 جم,95.00
5201127010865,ايون بريك شيكولاته ميلك 85 جم,95.00
5201127033819,ايون بريك شيكولاته دارك بندق كامل 85 جم,95.00
5201127029867,ايون بريك شيكولاته ميلك بالمكسرات 85 جم,95.00
5201127030818,ايون بريك شيكولاته دارك 85 جم,95.00
5201127022868,ايون بريك شيكولاته لوز 85 جم,95.00
5201127010674,ايون شيكولاته حليب 200 جم,200.00
5201127019523,ايون بريك شيكولاته فسدق 85 جم,95.00
3046920029780,ليندت اكسلانس دارك 70% دوكس 100 جم,280.00
5201127039248,ايون سوبر فروت 90 جم,130.00
3046920029797,ليندت اكسلانس 50% كاكاو 100 جم,280.00
3046920010047,ليندت اكسلانس دارك 78% 100 جم,320.00
5201127030238,ايون شيكولاته دارك اسبريسو 90 جم,90.00
3046920016377,ليندت اكسلانس دارك 100% 100 جم,350.00
5201127013095,ايون شيكولاته ميلك بالبندق 100 جم,130.00
5201127030221,ايون دارك كلاسيك 90 جم,130.00
5201127030245,ايون شيكولاته 70% دارك 80 جم,130.00
5012501012029,ايون شيكولاته ميلك باللوز 100 جم,130.00
3046920029681,ليندت اكسلانس دارك 85% دوكس 100 جم,280.00
111103381,باريستا بودر شوكليت خامات,0.00
3052910013776,كوانتا مونن فانيليا سيراب 250 ملل,250.00
111103391,باريستا بن بندق خامات,0.00
6223006051874,اد-مي شيكولاته سبريد 900 جم,200.00
11103374,باريستا شاليموه خامات,0.00
111103376,باريستا نوتيلا خامات,0.00
111103373,باريستا ايس كريم فانيليا خامات,0.00
31304,سكر باكت,0.00
111103384,باريستا لوتس خامات,0.00
6253361248763,دوبلين غزل بنات سبريد 1 كجم,460.00
بار,باريستا خامات - خدمي مستهلكات,10.00
11103370,باريستا كفر 8 اونز شفاف خامات,0.00
6223000718872,لبنيتا لبن كامل الدسم 1لتر - باريستا,65.00
3052911331244,كوانتا كونن سيراب بلو بيري 250 ملل,250.00
311307,باريستا نسكافية خامات,10.00
3052911642722,مونن كرز شربات مركز 700 مل,530.00
111103380,باريستا بودر فرابيه فانيليا خامات,0.00
6223007652261,مناديل فاميليا تربيل 500,50.00
31308,باريستا كوب 8 اونز خامات,0.00
6253361248459,دوبلين كنافه وايت سبريد 1 كجم,470.00
111101675,سكر باريستا - تشغيل 1 كجم,0.00
3052911331251,كوانتا مونن سيراب فراولة 250 ملل,250.00
3052911412899,مونن باشون فروت فلفر 1 لتر,670.00
111103388,باريستا مورجان خامات,0.00
3052911483936,مونن فانيليا فلفر 1 لتر,610.00
6253361248404,دوبلين لوتس كنافه سبريد 1 كجم,625.00
3052911412837,مونن موهيتو فلفر 1 لتر,670.00
111103386,باريستا وايت شوكليت خامات,0.00
3052910051365,كوانتا مونن تشوكوليت كوكي سيراب 250 ملل,300.00
111101835,اسبريسو بينز كاندي كلوب,0.00
111103393,باريستا شاي خامات,0.00
6224011512794,مناديل وايت,40.00
6253805187443,دوبلين كريمه البوينو سبريد 1 كجم,600.00
31309,باريستا كفر 8 اونز خامات,0.00
31301,باريستا كوب 4 اونز خامات,0.00
111103392,باريستا حليب مكثف خامات,0.00
3052911514340,كوانتا مونن سيراب خوخ 250 ملل,250.00
11103365,باريستا كوب 16 اونز شفاف خامات,0.00
31303,استيلر خشب,0.00
6253361248411,دوبلين بوينو كنافه سبريد 1 كجم,650.00
6253361248442,دوبلين نعناع كنافه سبريد 1 كجم,600.00
111103389,باريستا بوينو خامات,0.00
111103377,باريستا كراميل خامات,0.00
11102055,اوفر ميلك شيك فستق,70.00
3052910013677,كوانتامونن كراميل سيراب 250 ملل,250.00
11103367,باريستا كفر 16 اونز شفاف خامات,0.00
ايس,باريستا كان صغير خامات,20.00
111103379,باريستا فليفر سيرب خامات,0.00
3052911233388,مونن شربات كوكيز مركز 700 مل,580.00
111103395,باريستا ماتشا خامات,0.00
3052910024550,مونن كراميل فلفر 1 لتر,610.00
3052911514333,كوانتا مونن سيراب باشون فروت 250 ملل,250.00
3052911514326,كوانتا مونن سيراب جوز الهند 250 ملل,250.00
6253361248435,دوبلين تشيز كيك حمضيات كنافه 1 كجم,610.00
900,دوبلين صوص لوتس 2.25 كجم - باريستا,"1,200.00"
3052910013745,كوانتا مونن سيراب البندق 250 ملل,250.00
3052911412882,مونن بلو كرواسو فلفر 1 لتر,620.00
111103383,باريستا شوكليت دارك خامات,0.00
6253361248428,دوبلين كابتشينو كنافه سبريد 1 كجم,685.00
6253805189645,دوبلين رد فلفت سبريد 1 كجم,450.00
111103390,باريستا بن تركي محوج خامات,0.00
111103385,باريستا بيستاشيو خامات,0.00
11103394,باريستا كان كبير خامات,25.00
111103363,باريستا بن تركي خامات,0.00
31302,باريستا كفر 4 اونز خامات,0.00
11103366,باريستا كفر 12 اونز خامات,0.00
3052911331268,كوانتا مونن سيراب موجيتو نعناع 250 ملل,250.00
1300,دوبلين صوص فسدق 2.25 كجم - باريستا,"1,500.00"
3052911169076,مونن بندق محمص فلفر 1 لتر,670.00
111103382,باريستا فليفر ايس تي خامات,0.00
6253361248466,دوبلين كنافه فستق حلبي سبريد 1 كجم,820.00
311305,حليب لبنيتا -خامات ريسيبي,0.00
111103387,باريستا ايس كريم شوكليت خامات,0.00
11103364,باريستا كوب 12 اونز خامات,0.00
111103378,باريستا بيوريه خامات,0.00
111030159,باريستا ايس لاتيه بيستاشيو,75.00
11102723,باريستا ميلك شيك فانيليا,70.00
111027018,باريستا ايس كابتشينو,45.00
11103059,باريستا ايس لاتيه بيستاشيو,100.00
1110692,باريستا كورتادو كلاسيك,85.00
11103372,باريستا سينجل ميكاتو,45.00
31306,باريستا نسكافية,50.00
1110917,باريستا هوت كرك,20.00
11103368,باريستا كابتشينو L,80.00
11102986,باريستا قهوه تركي S,25.00
ل,باريستا لاتيه M,75.00
11103371,باريستا دبل ميكاتو,45.00
فلات,باريستا فلات وايت,70.00
11102987,باريستا قهوه تركي D,35.00
ك,باريستا كابتشينو M,70.00
ق ح,باريستا قهوه تركي حليب,40.00
11103369,باريستا لاتيه L,85.00
فر كر,باريستا فرابيه كراميل,100.00
ه ش ج,باريستا هوت شوكلت جوزهند,80.00
11101463,لاتيه L اوفر,45.00
1110829,باريستا فرابيه ماتشا,120.00
ايس ل,باريستا ايس لاتيه,45.00
ق ب,باريستا قهوه بندق,60.00
سم مان,باريستا سموزي مانجو جوزهند,80.00
11102027,اوفر ميلك شيك تريلتشي,70.00
ميل خ,باريستا ميلك شيك خوخ,70.00
11102029,اوفر ميلك شيك اوريو,70.00
11102731,باريستا موكتيل ريد بول,30.00
11101470,ايس لاتيه اوفر,40.00
11102028,اوفر ميلك شيك فانيليا,70.00
فر كران,باريستا فرابيه كرانش كوفي,100.00
ميل ل,باريستا ميلك شيك لوتس,70.00
11102720,باريستا ميلك شيك بلوبيري,70.00
ايس مات ف,باريستا ايس ماتشا فراوله,85.00
م ك,باريستا ماكياتو كراميل,70.00
11104106,باريستا ميلك شيك بابل جام,70.00
ايس مات,باريستا ايس ماتشا,80.00
11101474,ايس وايت موكا اوفر,50.00
11101467,موكا نوتيلا L اوفر,75.00
11101466,موكا نوتيلا M اوفر,65.00
سم تر,باريستا سموزي تروبيكال ساور,80.00
سم سا,باريستا سموزي ميكس بيري ساور,80.00
ايس تي خ,باريستا ايس تي خوخ,100.00
ايس س,باريستا ايس سبانيش لاتيه,80.00
ق,قهوه تركي اصطاف,0.01
11104143,باريستا ميلك شيك دبي,80.00
11102030,اوفر ميلك شيك لوتس,70.00
11101469,ايس كابتشينو اوفر,40.00
11101462,لاتيه M اوفر,40.00
1110876,باريستا بوبا اكسترا,25.00
11101459,كورتادو اوفر,35.00
11102729,باريستا فرابيه نوتيلا,100.00
11102730,باريستا فرابيه لوتس,100.00
11101456,اسبريسو دابل شوت اوفر,25.00
فر موك,باريستا فرابيه موكا,100.00
11102721,باريستا ميلك شيك كيوي نعناع,70.00
موخ باش,باريستا موخيتو باشون فروت,75.00
11101457,ماكياتو سينجل شوت اوفر,25.00
11102719,باريستا ميلك شيك فستق,70.00
11101465,موكا كلاسيك L اوفر,60.00
11101472,ايس موكا نوتيلا اوفر,55.00
11102031,اوفر ميلك شيك باشون فروت,70.00
11102727,باريستا فرابيه مرجان,100.00
1110888,باريستا اكسترا فليفر انواع,25.00
11101496,باريستا اكسترا ميلك ستاف,5.00
1110910,باريستا اكسترا صوص انواع,20.00
ايس امر,باريستا ايس امريكانو,40.00
11102728,باريستا فرابيه فستق,100.00
ميل ما,باريستا ميلك شيك مانجو & خوخ,70.00
سم باش,باريستا سموزي مانجو باشون,80.00
11104142,باريستا فرابيه كلاسيك,100.00
ق ن,باريستا قهوه نوتيلا,70.00
11101471,ايس موكا كلاسيك اوفر,45.00
11101468,اميريكانو L اوفر,40.00
ه ش,باريستا هوت شوكلت كلاسيك,50.00
11102732,ايس كريم مرجان - 1ق,50.00
ميل ن,باريستا ميلك شيك نوتيلا,70.00
شير كل,باريستا شيري كولا,70.00
11102740,باريستا قهوه محوج سينجل,35.00
11104108,باريستا ميلك شيك اناناس,70.00
ه ش ن,باريستا هوت شوكلت نوتيلا,80.00
س 1,باريستا اسبريسو سينجل شوت,30.00
ش خ,باريستا شاي اخضر,25.00
11104105,باريستا ميلك شيك شيكولاتة,70.00
11101461,كابتشينو L اوفر,45.00
11101460,كابتشينو M اوفر,40.00
ايس م,باريستا ايس ماكياتو كراميل,80.00
11102726,باريستا ميلك شيك مرجان,70.00
ايس ك,باريستا ايس كرك,60.00
11101458,ماكياتو دبل شوت اوفر,35.00
1110911,باريستا اكسترا ويب كريم,20.00
11102722,باريستا ميلك شيك فانيليا كراميل,70.00
11102988,باريستا اسبريسو دبل شوت,45.00
موخ بلو,باريستا موخيتو بلوبيري,80.00
11101473,ايس اميريكانو اوفر,35.00
فر ك,باريستا فرابيه كوفي,100.00
11104107,باريستا ميلك شيك كيوى,70.00
1110907,باريستا اكسترا شوت,20.00
1110908,باريستا اكسترا فيجن ميلك,35.00
11102032,اوفر ميلك شيك نوتيلا كرانشي,70.00
ايس موك,باريستا ايس موكا,50.00
امر م,باريستا قهوه امريكانو ميديم,50.00
شا,باريستا شاي اسود,25.00
ميل او,باريستا ميلك شيك اوريو,70.00
11102724,باريستا ميلك شيك باشون فروت,70.00
1110909,باريستا اكسترا ميلك,20.00
11102026,اوفر ميلك شيك نوتيلا,70.00
11102725,باريستا ميلك شيك ميكس بيري,70.00
و م,باريستا وايت موكا,75.00
فر توف,باريستا فرابيه توفي نات,100.00
س ل,باريستا سبانيش لاتيه,70.00
ايس لم,باريستا ايس ليمون,70.00
11104104,باريستا ميلك شيك فراولة,70.00
ا ف,باريستا افوجاتو,75.00
11101455,اسبريسو سينجل شوت اوفر,20.00
امر ل,باريستا قهوه امريكانو لارج,60.00
فر مات,باريستا فرابيه ماتشا,100.00
11101464,موكا كلاسيك M اوفر,40.00
8690579991117,باريلا مكرونه اسباغيتي 500 جم,100.00
8690579140652,باريلا مكرونه فارفيلي 500 جم,100.00
8076809569118,باريلا ارابياتا صوص بالطماطم والفلفل الحار 400 جم,200.00
8076809570893,باريلا تسبيكه طماطم 300 جم,100.00
8076809513739,باريلا باسيلكو بالريحان 400 جم,200.00
8690579140614,باريلا مكرونه اقلام 500 جم,100.00
8076809570886,باريلا تسبيكه طماطم للمكرونه 300 جم,200.00
64144004126,بام سبراي اورجينال 170 جم,380.00
64144030644,بام سبراي زيت زيتون 141 جم,380.00
64144030217,بام سبراي زيت كانولا اورجينال 170 جم,380.00
8003115851217,باندورو كيك 750 جم,600.00
8003115851200,بالينولي كيك بالكشمش 800 جم,600.00
9008442000450,باور هورس رمان 250 مل,40.00
9008442000085,باور هورس زيرو شوجر 250 مل,40.00
9001372251329,باور هورس اورجينال 250 مل,40.00
6221134010510,باونتي ويفر رولز 1 ق,7.00
6221134014402,باونتي مينيز 9 ق * 25 جم,270.00
5056357905739,باونتي بسكويت 132 جم,200.00
4011100023925,باونتي منيتشرز 150 جم,220.00
5000159557429,باونتي مينتشرز 150 جم,225.00
6221134014457,باونتي تريو 3 ق 75 جم,75.00
6221134006469,باونتي 57 جم 3+1,150.00
850003560861,برايم توت ازرق 9.8 جم,100.00
810116125395,برايم موز فراوله 500 مل,400.00
810116123995,برايم موز بالفراوله 355 ملل,200.00
810116123322,برايم ايس بوب مشروب 355 ملل,200.00
810116125258,برايم حمضيات كيوي بيري 500 مل,400.00
810116123506,برايم فراوله موز 500 مل,400.00
850003560670,برايم توت ازرق 500 مل,400.00
810116126477,برايم جول بيري 500 مل,400.00
850040427011,برايم فراوله بطيخ 9.3 جم,100.00
850040427042,برايم ايس بوب 9.7 جم,100.00
810116124008,برايم ليمونادا 355 ملل,200.00
8437001799275,براين ليكر بولز 60 مل,80.00
8437001799084,براين ليكر توت ازرق 60 مل,85.00
8437001799213,ليكدي ليبس توت ازرق 60 مل,80.00
8437001799626,بران ليكرز كانز 330 مل,60.00
721688848028,MR99 بروتين بار 70 جم توت,40.00
6224000649845,ادفانسد بروتين كوكيز اورجينال 65 جم,60.00
6224000649869,ادفانسد بروتين كوكيز فول سوداني 65 جم,60.00
721688848066,MR99 بروتين بار 70 جم دوناتس,40.00
721688848127,MR99 بروتين بار 70 جم افوكادو,40.00
721688848004,MR99 بروتين بار 70 جم قهوة,40.00
721688848035,MR99 بروتين بار 70 جم فراولة,40.00
6224010103108,بروتين بار بندق زيرو 70 جم,50.00
6224000649876,ادفانسد بروتين كوكيز موكا 65 جم,60.00
6224000649852,ادفانسد بروتين كوكيز فانيليا 65 جم,60.00
721688848097,MR99 بروتين بار 70 جم ايس كريم,40.00
6224010103122,بروتين بار توت 24 جم,45.00
6224010103825,بروتين بار شوكليت فروت 24 جم,45.00
721688848042,MR99 بروتين بار 70 جم كارميل,40.00
6224010103849,بروتين بار بينتاكولادا وايت شوكليت 70جم,50.00
6224010103351,بروتين بار بنانا كريم 24 جم,45.00
721688848080,MR99 بروتين بار 70 جم جوز هند,40.00
721688848011,MR99 بروتين بار 70 جم بندق,40.00
721688848134,MR99 بروتين بار 70 جم فستق,40.00
6224010103832,بروتين بار راسبرى ايس كريم 24 جم,45.00
6291003087189,بريك بريكستا 10 ق,120.00
6291003045790,بريك شيكولاته 2 ق,15.00
6291003634154,بريك داى بندق 16 جم,20.00
6291003087158,بريكستا 14.5 جم,10.00
6291003088940,بريك تايم 10 ق,120.00
6291003633751,سمر بريك البندق 12 جم,10.00
6291003087868,بريك ريزو سوداني 17 جم,10.00
6291003089367,بريك ريزو سوداني 28 جم,15.00
6291003203527,بريك كريمي ميلك 4 ق,20.00
6291003092497,بريكستا تيفاني 2 ق,20.00
6291003084034,بريك ريزو 17 جم,10.00
6291003204999,بريك بيج تيفاني 28.5 جم,20.00
6291003630460,بريك دابل تريتس 22 ق,210.00
6291003092527,بريك تايم ويفر 2 ق,20.00
6291003081903,بريك ريزو ويفر بالكراميل 28 جم,15.00
6291003085260,بريك كرانشي فن 13 ق,200.00
6291003084256,بريك ميني فن 22 ق,195.00
5053990101597,برينجليز سور كريم 165 جم,180.00
6978030990148,بينجو شيبس 40 جم اوريجينال,30.00
6224004984010,شيكولاته دستينجو برنجليز ساور كريم 195 جم,200.00
6978030990087,بينجو شيبس 40 جم ساور كريم,30.00
6224004984027,شيكولاته دستينجو برنجليز اوريجينال 195 جم,200.00
5053990188680,برينجليز شطه وليمون 40 جم,60.00
5053990138715,برينجلز جبنه 200 جم,200.00
5053990145058,برينجلز بيتزا 200 جم,200.00
6978030990049,بينجو شيبس 40 جم طماطم,30.00
5053990107339,برينجليز اوريجينال 40 جم,60.00
5053990107384,برينجليز ساور كريم 40 جم,60.00
5053990161607,برينجليز بابريكا 40 جم,60.00
6978030991077,بينجو شيبس 40 جم سبايسي,30.00
5053990101542,برينجليز حار & سبايسي 165 جم,180.00
5053990101573,برينجليز اوريجينال 165 جم,180.00
5053990161966,برينجلز باربيكو 165 جم,180.00
5053990107292,برينجليز سبايسي 40 جم,60.00
5053990101580,برينجليز خل وملح 165 جم,180.00
6978030991091,بينجو شيبس 40 جم ليمون وفلفل,30.00
6224004984157,شيكولاته دستينجو برنجليز اوريجينال 140 جم,150.00
5053990107315,برينجليز كاتشب 40 جم,60.00
6224004984164,شيكولاته دستينجو برنجليز ساور كريم 140 جم,150.00
6978030990124,بينجو شيبس 40 جم خل وملح,30.00
5053990107353,برينجليز خل وملح 40 جم,60.00
6978030990063,بينجو شيبس 40 جم شيدر,30.00
5053990161669,برينجليز بابريكا 165 جم,180.00
5053990161935,برينجليز باربيكيو 40 جم,60.00
5053990107322,برينجليز جبنة 40 جم,60.00
5053990106981,برينجليز جبنه 165 جم,180.00
80820956,لواكر باتسيرى سناك 21 جم,35.00
8436048440461,ارتاش شيكلين بسكويت ساده 175 جم,150.00
6224002938046,جرانو كوكيز شوكليت 6 ق,30.00
5998711388928,تاك بسكويت بالجبنه 100 جم,180.00
6281100404101,معمول بالتوفي 400 جم,190.00
5000168001555,دايجستف بسكويت ميلك شوكليت 266 جم,50.00
6281100400912,معمول بر ونخاله ومكسرات 400 جم بدون سكر مضاف,220.00
6281100404118,معمول دقيق ابيض دخن 400 جم,190.00
6281016901725,ميموريز كوكيز بالتمر 100 جم,50.00
6281100400899,معمول كيلجا 400 جم,220.00
8002590017521,كولوسي بسكويت بدون ملح 250 جم,160.00
8691707091556,جاكي بسكويت 20 جم,10.00
6281100404095,معمول تمر 400 جم,190.00
6223000226117,برين بسكويت النخالة,20.00
6281100404132,معمول بزيت الزيتون بدون سكر مضاف 400 جم,190.00
6281100400608,معمول مشكل 600 جم,250.00
6281016900964,ميموريز بسكويت الشاى الفاخر 150جم,35.00
8002590017538,كولوسي بسكويت القمح الكامل 250 جم,160.00
6281100404156,معمول تمر بدون سكر 400 جم,190.00
8002590012915,كولوسي بسكويت بالملح 250 جم,160.00
5000168001562,دايجستف بسكويت دارك شوكليت 266 جم,50.00
8691707098500,لامونت بسكويت ويفر كريما الشوكولاته 43 جم,20.00
6224002938015,جرانو كوكيز فانيليا 2 ق,10.00
6224002938039,جرانو كوكيز فانيليا 6 ق,30.00
6281100404125,معمول تمر بالقرفة 400 جم,190.00
5000168033938,دايجستف بسكويت ميلك كراميل 250 جم,50.00
9501100040107,ابو الولد بسكويت زبده 90 جم,30.00
6281016900933,ميموريز بسكويت الشاى الفاخر 70 جم,20.00
111101601,هابي هوليداي & فلانتين بسكويت بالوزن,0.20
8002590017514,كولوسي بسكويت بزيت الزيتون 250 جم,160.00
8002590043544,ميزورا بسكويت زبادي 400 جم,280.00
5998711388935,تاك بسكويت ساور كريم & اونيون 100 جم,180.00
5410041435900,تاك بسكويت بابريكا 100 جم,180.00
6223000226100,بسكويت الكيلجا بالهيل,20.00
6224002938022,جرانو كوكيز شوكليت 2 ق,10.00
9501100018120,بطاطس عمان 137 جم,115.00
9501100014122,بطاطس عمان 15 جم,35.00
9501100018144,بطاطس عمان 37 جم,55.00
9501100017413,بطاطس عمان 100 جم,90.00
9501100014474,بطاطس عمان 50 جم,50.00
9501100018304,بطاطس عمان 150 جم,115.00
6287006530111,كيف المسافر بالمسمار 5 جم,100.00
8697449911817,محمود ديبيك قهوه تركي 220 جم,250.00
4002720430002,ميليتا جراند اروما 500 جم,500.00
6287006530128,كيف المسافر بالزعفران 5 جم,100.00
25616202501,مستر براون ايس كوفي مزيج الجبل الازرق 240 مل,60.00
6287006530104,كيف المسافر بالهيل 5 جم,100.00
25616042138,مستر براون ايس كوفي فانيليا 240 مل,60.00
6287006530135,كيف المسافر بالزنجبيل 5 جم,100.00
400,Candy Club - Capsules Box,400.00
8436572351059,ايوليانو كلاسيكو بن محمص وسط 1 كجم,700.00
8697449910360,محمود ديبيك قهوه تركي 400 جم,350.00
6287006530036,كيف المسافر زعفران 1 لتر,180.00
25616042220,مستر براون ايس كوفي كراميل لاتيه 240 مل,60.00
6287006530029,كيف المسافر بالمسمار 1 لتر,180.00
6287006530081,كيف المسافر بالزنجبيل 1 لتر,180.00
8000070012837,لافازا اسبرسو ايطليانو 250 جم,450.00
8445290465962,نسكافيه اسبريسو حبوب بليند 1 كجم,"1,000.00"
25500003979,فولجرز جراوند كوفي 250 جم,450.00
8436572351158,ايوليانو انتنسو بن محمص غامق 1 كجم,700.00
6224010820104,بوب كورن كراميل 120 جم,35.00
6223011431838,ابو عوف بوب كورن كراميل & شيكولاته 100 جم,20.00
6224010820166,بوب كورن كاكاو 120 جم,35.00
6224010820197,بوب كورن فواكه 120 جم,35.00
5706516031532,بوبز فشار جبنه 270 جم - 3 ق,250.00
6224010820241,بوب كورن مستكه 120 جم,35.00
6224010820265,بوب كورن جوز هند 120 جم,35.00
6224010820227,بوب كورن تفاح 120 جم,35.00
6224010820135,بوب كورن كراميل مملح 120 جم,35.00
8936177709656,بوبا كوين تارو 330 مل,80.00
8936177709649,بوبا كوين اورجينال 330 مل,80.00
8936177709663,بوبا كوين براون شوجر 330 مل,80.00
8936177709632,بوبا كوين ماتشا 330 مل,80.00
8055176430092,بوربوني ارابيكا كبسولات 10 ق,180.00
0.30,بوربوني نسبريسو كبسولات 1 ق,30.00
8034028334344,بوربوني انتنسو 250 جم,300.00
8034028339523,بوربوني كريما سوبر 1 كجم,990.00
8034028330360,بوربوني روسا 1كجم,750.00
8055176430146,بوربوني كريما كلاسيك كبسولات 10ق,180.00
8034028330353,بوربوني بلو 1كجم,750.00
8034028339516,بوربوني اسبريسو انتينسو 1 كجم,750.00
8034028333491,بوربوني كلاسيك 250 جم,300.00
111037,بوربوني ارابيكا 1كجم,0.00
8055176430153,بوربوني انتنسو كبسولات 10ق,180.00
8055176430139,بوربوني كريما سوبر كبسولات 10ق,180.00
8034028339509,بوربوني كريما كلاسيك 1كجم,750.00
6294003544188,نستله توفو طريه 19.2 جم,20.00
8410576005019,فيز ويز بوبينج كاندي,20.00
1,بونبون 1 ق,1.00
4014400902495,ريزن توفي 150 جم,140.00
6920344802167,سي سي ستيك 12 جم,20.00
4014400400007,توفيفي بونبون 125 جم,200.00
80722786,بونتي خيار قشه محبب 150 جم,200.00
8001010039303,بونتي طماطم مجففه 300 جم,245.00
80522676,بونتي خل بلسمك 500 مل,280.00
6223000227886,بونكي لونج اورجينال 75 جم,30.00
6223000227879,بونكي لونج سي سولت & خل 75 جم,30.00
6223000227923,بونكي لونج هوت شيلي 75 جم,30.00
6223000227220,بونكي فينجرز بقشور الليمون 60 جم,15.00
6223000227183,بونكي فينجرز كريمه البصل 60 جم,15.00
6223000227190,بونكي فينجرز بالخضروات 60 جم,15.00
6223000227909,بونكي لونج ساور كريم & اونيون 75 جم,30.00
6223000227893,بونكي لونج جبنه 75 جم,30.00
6223000227916,بونكي لونج عسل باربكيو 75 جم,30.00
6223000227237,بونكي فينجرز اورجينال ملح 60 جم,15.00
6223000227213,بونكي فينجرز هوت سيريراتشا 60 جم,15.00
6223000227206,بونكي فينجرز بالريحان 60 جم,15.00
3179730010041,مياه بيريه 330 ممل,95.00
8682162731019,بايسون مشروب طاقه 250 ملل,40.00
6223001367338,سفن اب موهيتو 320 مل,20.00
4062139018321,بيبسى فراوله زيرو شوجر 330ملل,85.00
6251897000954,سوبر مشروب اللايم 250 ملل,20.00
12000803703,ماونتن ديو 150 مل,80.00
6241000050044,شاني فواكهه 330 مل,110.00
6281034900366,فيمتو مشروب فواكه 250 ملل,35.00
12000057472,بيبسى سعودى 360 ملل,30.00
12000802751,ميرندا برتقال 150 مل,50.00
12000804083,سفن اب 150 مل,50.00
5449000000859,فانتا حمضيات 330 ملل,95.00
12000056765,بيبسي زيرو شوجر 150 مل,100.00
12000801891,بيبسي دايت 150 مل,40.00
8690146182276,بيبيتو فرايز كرانشي خوخ 36 جم,120.00
8690146186939,كرانشي بيبيتو بلو راسبرى 35 جم,120.00
8690146183679,كرانشي بيبيتو بابل جام 35 جم,120.00
8690146182269,بيبيتو فرايز كرانشي بطيخ 36 جم,120.00
8991115010102,بيج بابول لبان توتي فروتي 5 ق,20.00
8935001712220,بيج بابول علكه تفاح 16 جم,25.00
8991115011109,بيج بابول لبان بلوبيري 5 ق,20.00
8990800020341,بيج بابول فيلي فولي توت فروتي 11 جم,40.00
80914662,بيج بابول فراوله 6 ق,30.00
6921211114796,بيج بابول فيلي فولي فراوله 11 جم,40.00
5011053011870,بيج بابي فراوله 32 جم,95.00
5011053018336,بيج بابي بوب كولا & توت عليق 32 جم,95.00
5011053024078,بيج بابي بوب كشمش اسود & فراوله 32 جم,95.00
5011053011610,بيج بابي بوب ساور فراوله &توت العليق 32 جم,95.00
6223007378840,بيج همتو مصاصه 220 جم,150.00
7613034579102,بيريه مياه غازيه ساده كانز 330 مل,95.00
3179732337542,بيريه مياه غازيه ساده زجاج 330 مل,95.00
7770,بيريه مياه غازيه ساده زجاج 200 مل,70.00
6221073008043,بيمبو اوت زبيب بكريمة الكاكاو 1ق,8.00
6221073001907,بيمبو اوريجينال,6.00
6221073008135,بيمبو اوت ستيفيا بالزبيب 1ق,8.00
6221073008104,بيمبو اوت ستيفيا كلاسيك 1 ق,8.00
6221073000351,اتوبيس بيمبو,55.00
6221073000078,بيمبو فيجن,6.00
6221073008012,بيمبو اوت كلاسيك كريمة الكاكاو 1ق,8.00
8000500227268,تيك تاك سبير مينت 10.2 جم,20.00
8000500416198,تيك تاك ميكس فراولة 10 جم,20.00
8000500234402,تيك تاك ميكس فراولة 10 جم,20.00
8000500223499,تيك تاك نعناع 10 جم,20.00
8000500223512,تيك تاك برتقال 10 جم,20.00
8412600019764,تاكيس ناتشو 90جم,200.00
757528045289,تاكيس ناتشو 92 جم,200.00
757528044657,تاكيس بلو هيت 28.4 جم,80.00
8412600028605,تاكيس فالكانو 90 جم,200.00
757528023027,تاكيس 35 جم,100.00
757528049621,تاكيس زومبي 92.3 جم,200.00
757528050573,تاكيس بلو هيت 56 جم,180.00
757528050177,تاكيس ويف 71 جم,200.00
757528005276,تاكيس 56 جم,100.00
757528047528,تاكيس بلو هيت 113 جم,250.00
75,تاكيس بلو هيت 35 جم,80.00
8412600019924,تاكيس دراجون سويت 90 جم,200.00
8412600028599,تاكيس فيجو 90 جم,200.00
757528048112,تاكيس بلو هيت 92.3 جم,280.00
816012010216,تاكيس لب 152 جم,285.00
757528048518,تاكيس جبنه ناتشو 56.7 جم,70.00
757528005047,تاكيس 28 جم,60.00
8412600047040,تاكيس بلو هيت 90 جم,200.00
8410679030024,ترابا شيكولاته 50% لوز 75 جم,70.00
8410679030062,ترابا شيكولاته لوز 75 جم,70.00
8410679030048,ترابا شيكولاته وايت 75 جم,70.00
8410679030017,ترابا شيكولاته حليب 75 جم,70.00
111101062,هارتي جيلي فواكه بالوزن,0.00
111101059,تياترو شيكولاته بالوزن,0.00
111101060,بون بيلا شوكو انواع بالوزن,0.00
111101064,بونبون لوز بالوزن,0.00
111101061,كامبو شوكو انواع بالوزن,0.00
111101063,شيكو بون بالوزن,0.00
3116740017288,تريبل جام معجون لبان كرز 35 جم,70.00
3116740015536,تريبل جام لبان معجون توتي فروتي 35 جم,70.00
3116740030928,تريبل جام لبان توت عليق 35 جم,70.00
8901393025897,تشوبا تشوبس تمر وجوافة 12 جم,12.00
8935001714361,تشوبا تشوبس بايتس 24 جم,25.00
6921211110170,تشوبا تشوبس كريزي دبس فراوله 16 جم,50.00
8901393026146,تشوبا تشوبس روكات 21 جم,25.00
8901393016680,تشوبا تشوبس ساور بايتس 22 جم,25.00
8901393026139,تشوبا تشوبس كراوليرز 21 جم,25.00
8410031953893,تشوبا تشوبس كريزي دبس فراوله 16 جم,50.00
6921211112426,تشوبا تشوبس كريزي دبس كولا 16 جم,50.00
6911316002340,تشوبا تشوبس كريزي دبس كولا 16 جم,50.00
5056192412119,تشوبا تشوبس عصير كولا 250 جم,125.00
8901393024036,تشوبا تشوبس اناناس وبطيخ 12 جم,12.00
84196842,تشوبا تشوبس ميلودي بوب 15 جم,25.00
8990800019802,تشوبا تشوبس بيج بابول 152 جم,80.00
8935001726104,تشوبا تشوبس مصاصه 11 جم,15.00
6911316001657,تشوبا تشوبس لبان تنس 20 جم,30.00
8935001713074,تشوبا تشوبس ساور شريط 8.4 جم,10.00
8901393024043,تشوبا تشوبس برتقال ومانجو 12 جم,12.00
8410031979091,تشوبا تشوبس دورامون مصاصه 1 ق,120.00
49814521,تشوبا تشوبس مصاصه 12 جم,15.00
8935001719410,تشوبا تشوبس تو ميو 27 جم,120.00
6921211112068,بيج بابول فيلي فولي بطيخ 11 جم,60.00
8901393016635,تشوبا تشوبس شريط مانجو 9 جم,15.00
6911316370760,تشوبا تشوبس مصاصه فيز 15 جم,20.00
8935001723479,تشوبا تشوبس مصاصه XL - اطعم,30.00
8801069417950,تشوبا تشوبس ساور جرين ابل 345 مل,120.00
8410031977561,تشوبا تشوبس هالو كيتي 12 جم,120.00
8801069411255,تشوبا تشوبس بطيخ & كريم 345 مل,120.00
8801069402451,تشوبا تشوبس فراوله 345 مل,120.00
8801069415376,تشوبا تشوبس بطيخ 345 مل,120.00
8901393016628,تشوبا تشوبس شريط فراولة 9 جم,15.00
8901393026153,تشوبا تشوبس كريزي فيت 21 جم,25.00
8901393019377,تشوبا تشوبس شريط كولا 9 جم,15.00
11103939,لبان تشوبا تشوبس 2 جم,2.00
8935001711964,تشوبا تشوبس مصاصه 10 ق * 93 جم,100.00
6921211114482,تشوبا تشوبس مصاصه جمجمه 15 جم,35.00
8935001719182,كيس مصاصه تشوبا تشوبس 60 ق,450.00
8801069417905,تشوبا تشوبس ساور 345 مل,120.00
5056192412089,تشوبا تشوبس عصير فراولة 250 جم,125.00
6911316002364,تشوبا تشوبس كريزي دبس فراوله 16 جم,50.00
8935001727392,تشوبا تشوبس ميلودي كولا 15 ق,25.00
11103947,مصاصه تشوبا تشوبس اطعم,0.00
8801069402475,تشوبا تشوبس عنب 345 مل,120.00
8801069415383,تشوبا تشوبس بابل جام 345 مل,120.00
لوليتا,تشوبا تشوبس لوليتا فراوله 1 ق,50.00
8901393025903,تشوبا تشوبس تمر و مانجو 12 جم,12.00
8901393025552,تشوبا تشوبس تيوبس فراوله 24 جم,35.00
6921211111467,تشوبا فيلى فولى فواكة,55.00
6921211111559,تشوبا فيلى فولى فراولة,55.00
8935001714774,تشوبا تشوبس ساور بيلت 1 متر,45.00
8901393025569,تشوبا تشوبس تيوبس بطيخ 24 جم,35.00
6224009431281,تشيزي ديسك كلاسيك 40 جم,20.00
6224009431014,تشيزي ديسك كمون 40 جم,20.00
6224009431038,تشيزي ديسك اوريجانو 40 جم,20.00
280,مروج تمر مجدول 1 كجم,280.00
111101982,عجوه المدينه بالوزن,0.00
11103780,القصيم عجوه المدينه 3 كجم,"1,500.00"
11103731,مروج رطب كرتون 1 كجم,160.00
11103737,مروج تمر مفتل بلاستيك 1 كجم,250.00
11103738,مروج رطب ملكي 3 كجم,550.00
220,القصيم تمر رطب سكري 900 جم,220.00
11103732,مروج صقعى بلاستيك 1 كجم,310.00
11103735,مروج تمر مجدول بلاستيك 1 كجم,360.00
11103736,مروج تمر مجدول كرتون 1 كجم,300.00
250,القصيم تمر رطب مفتل 900 جم,250.00
123456789012,القصيم تمر سكر ملكي 500 جم,200.00
111101981,القصيم تمر مفتل ملكي بالوزن,0.00
11103739,مروج مفتل ملكي 3 كجم,610.00
11103733,مروج عجوة المدينه 1 كجم,520.00
111101980,مروج القصيم تمر رطب ملكي بالوزن,0.00
11103734,مروج مجدول اردنى كرتون 5 كجم,"3,200.00"
11103730,مروج رطب بلاستيك 1 كجم,225.00
6224000000028,توايس كب اطعم 1 ق,15.00
7622201806873,توبيلرون جولد 100 جم,100.00
7614500010013,توبليرون ساده 100 جم,130.00
7622300107949,توبليرون لوز & عسل 100 جم,130.00
76145513,توبليرون لوز & عسل 50 جم,50.00
7622201805982,توبليرون جولد لوز & عسل 100 جم,100.00
76145759,توبليرون ميلك هاني الموند 35 جم,60.00
7614500010310,توبليرون وايت عسل & لوز 100 جم,130.00
7614500010617,توبليرون دارك 100 جم,150.00
7622201137175,توبليرون ميلك زبيب & لوز 100 جم,125.00
7622200009176,توبليرون تيني ميني 200 جم,250.00
7622300710613,توبليرون لوز & كراميل مملح 100 جم,130.00
111103839,توبليرون ميني بالوزن,0.00
8801073211223,بولدوك حار X2 - كوب 70 جم,140.00
8809151140298,توبوكي سبايسي 113 جم,200.00
8809151140281,توبوكي جبنه 113 جم,250.00
8809151140274,توبوكي كاربونارا 113 جم,200.00
8809950200599,توبوكي كاربونارا 133 جم,250.00
8809950200582,توبوكي اورجينال 133 جم,250.00
8809950200605,توبوكي جبنه 133 جم,250.00
8998666001948,تورا بيكا ماكيتو 25 جم,20.00
8996001414033,تورا بيكا كابتشينو شوجر فري 12.5 جم,20.00
8998666003140,تورا بيكا كريمي لاتيه 30 جم,20.00
8996001414002,تورا بيكا كابتشينو 25 جم,20.00
8996001414309,كوبيكو بلانكو لاتيه ظرف 30 جم,20.00
5061047750223,توربيدو كاندي مسدس مياه 15 جم,70.00
5065014665688,توربيدو كاندي مسدس مصاصه 10 جم,90.00
5061047750285,توربيدو كاندي لعبة بطه 5 جم,80.00
5065014665152,توربيدو كاندي لعبه لسان 10 جم,80.00
5061047750469,توربيدو سلوزي بوب 50 جم,60.00
53993557,تورنادو لولي بوب كولا 20 جم,30.00
11110632,توفي مستكه يوناني بالوزن,0.00
5060045059994,توكسيك ساور كاندي ريد 42 جم,90.00
89894834106,توكسيك ساور كاندي هازردوسلي 42 جم,90.00
5060045051059,توكسيك ساور كاندي بربل 42 جم,100.00
1111,كادبوري كرانشي 26.1 جم * 4 ق,50.00
5060045050311,توكسيك ساور كاندي جرين 42 جم,90.00
6224000805296,تويست مانجو خوخ 250 ملل,20.00
6224003311121,تويست جوز هند وتوت 250 ملل,20.00
6224000805272,تويست شوجر فري 250 مل,20.00
6224003311138,تويست شوجر فري 250 مل,20.00
6224000805289,تويست مشروب طاقه 250 مل,20.00
6224003311091,تويست مشروب طاقه 250 مل,20.00
6224000805029,تويست جوز هند وتوت 250 ملل,20.00
6224000805401,تويست مشروب طاقه كولا 250 مل,20.00
5056357911747,تويكس بسكويت بالشيكولاته 132 جم,200.00
5056357900291,تويكس كوكيز كراميل 144 جم,180.00
5000159459228,تويكس توين 50 جم,45.00
5000159459273,تويكس سينجل 25 جم,20.00
6221134013474,تويكس كراميل مملح 50 جم,40.00
6221134010480,تويكس ويفر رولز 1 ق,5.00
6221134030914,تويكس توين 46 جم,60.00
5000159559409,تويكس مينتشيرز 150 جم,230.00
70177173203,توينجز شاي اخضر نعناع 25 ق,250.00
70177173296,توينجز شاي اخضر ايرل جراي 25 ق,250.00
70177173302,توينجز شاي اخضر ليمون 25 ق,250.00
70177175221,توينجز شاي اخضر زنجبيل 25 ق,250.00
6291003003226,تيفاني كريمز بالبرتقال 84 جم,20.00
9501025535351,بيوقلز فلفل حلو 75 جم,50.00
6291003003233,تيفاني كريمز تشوكليت 84 جم,20.00
6291003058004,بيوقلز جبنه 75 جم,60.00
9501025538451,بيوقلز سموكي باربكيو 75 جم,50.00
6291003003202,تيفاني كريمز فانيليا,20.00
6291003003165,تيفاني كريمز بالفراولة 84 جم,20.00
6291003011849,تيفاني شنكوز بلو 40 جم,25.00
9501025542854,بيوقلز كراميل 75 جم,50.00
6291003067389,بيوقلز كاتشب 75 جم,50.00
6291003003219,تيفاني كريمز بجوز الهند 84 جم,20.00
6291003011856,تيفاني شنكوز تشوكليت كريم سندويتش 43 جم,25.00
6291003067372,بيوقلز فلفل حار 75 جم,50.00
6224010035454,تيك تيك مكرونه ماك اند تشيز 65 جم,20.00
6224010035461,تيك تيك مكرونه كريمه الفراخ 65 جم,20.00
6224010035478,تيك تيك مكرونه طماطم حاره 65 جم,20.00
4803925061141,جاتوريد بلو بولت 500 مل,170.00
12000055799,جاتوريد فواكهه مشكله 495 مل,160.00
4803925061110,جاتوريد عنب 500 مل,170.00
12000055775,جاتوريد كول بلو توت 495 مل,160.00
52000058383,جاتوريد زيرو كول بلو,180.00
52000058390,جاتوريد زيرو فواكه مشكلة,180.00
4803925061127,جاتوريد اورانج تشيل 500 مل,170.00
11101316,جيفت بوكس روشيه 630,630.00
4803925061103,جاتوريد تروبيكال 500 مل,170.00
12000055782,جاتوريد ليمون 495 مل,160.00
12000055744,جاتوريد برتقال 495 مل,160.00
8711000513767,جاكوبس نسكافيه جولد 200 جم,530.00
8711000669259,جاكوبس حبوب سبريسو كريمي 1 كجم,"1,100.00"
8711000517857,جاكوبس نسكافيه جولد 100 جم,320.00
8711000371206,جاكوب كبسولات ريستريتو 10 ق,150.00
8711000371220,جاكوب كبسولات لانجو كلاسيك 10 ق,210.00
8711000371244,جاكوب كبسولات لانجو انتنسو 10 ق,210.00
5056357909812,مارس 8 ق - 132 جم,200.00
8711000371183,جاكوب كبسولات انتنسو 10 ق,150.00
8714599524244,جاكوب نسكافيه 47.5 جم,200.00
8711000371176,جاكوب كبسولات كلاسيكو 10 ق,150.00
6961696600575,جامي رول اب اطعم 15 جم,30.00
6223004960710,جامي ويفر رولز اسبريسو 165 جم,45.00
6223004910326,جامي ويفر رولز بندق 165 جم,45.00
6223004963490,جامي ويفر رولز كوكيز & كريم 150 جم,45.00
6223000303771,جامي ويفر رولز مينى كاكاو 65 جم,20.00
6223004961304,جامي ويفر رولز فانيليا 165 جم,45.00
6223004964114,جامي ويفر رولز بستاشيو 150 جم,45.00
6223004910319,جامي ويفر رولز كاكاو 165 جم,45.00
6223000303795,جامى ويفر رولز مينى كوكيز & كريم 65 جم,20.00
6223000303825,جامي ويفر رولز مينى بندق 65 جم,20.00
4740053008078,جراند شيبس ساور كريم & اعشاب 60 جم,50.00
4740053008429,جراند شيبس واسابي 60 جم,50.00
4740053008641,جراند شيبس جلابينو & ريد شيلي 60 جم,50.00
4740053008436,جراند شيبس ملح & خل 60 جم,50.00
4740053008092,جراند شيبس باربيكو 60 جم,50.00
4740053008085,جراند شيبس ساور كريم & اونين 60 جم,50.00
5206542011312,جرين كولا شيري ساور 275 مل,25.00
5206542012241,جرين كولا اناناس 330 ملل,25.00
5206542010926,جرين كولا زيرو شوجر & كافيين 330 مل,25.00
5206542011855,جرين باشون فروت 330 مل,25.00
5206542007612,جرين كولا 330 مل,25.00
5206542010971,جرين كولا 275 مل,25.00
5206542008329,جرين ليمون لايم 330 مل,20.00
5206542010964,جرين كولا موهيتو 275 مل,25.00
5206542007483,جرين كولا شيرى 330 ملل,25.00
5206542010698,جرين كولا موهيتو 330 مل,25.00
5900951311468,مارس 51 جم,50.00
5056357910320,مالتيزرس مشروب 350 مل,180.00
6221134031225,جواهر 200 جم,300.00
5060402907302,ام اند امز كوكيز بني 180 جم,180.00
6221134011074,تويكس مينى 200 جم,230.00
5060122039321,مالتيزرس سبريد 200 جم,100.00
5000159001274,جلاكسي مينستريلز 42 جم,50.00
6221134004953,جلاكسي بندق 40 جم,50.00
5000159516259,ام اند امز شوكولاته بار 165 جم,250.00
6294001832638,جلاكسي مينيز بندق 13 ق,220.00
5000159561204,منتشرز مينيز ميكس 20 ق - 400 جم,450.00
6285835001413,جلاكسي كوكي كرامبل 36 جم,45.00
5000159556538,مالتيزرز صفيح 111 جم,550.00
5000159553858,جلاكسي ريبل 3*30 جم,270.00
5000159562034,جلاكسي سيلبريشن 550 جم,450.00
6221134010671,تويكس ويفر رولز 2 ق,12.00
5056357916025,جلاكسي فرابيه موكا 280 جم,550.00
5060402900822,ام اند امز مشروب 350 مل,50.00
5056357908136,جلاكسي دايجستف برتقال 300 جم,230.00
5000159558730,مارس مينى 227 جم,285.00
40111490,ام اند امز شيكولاته 45 جم,50.00
5056357906316,جلاكسي هوت شوكليت 250 جم,290.00
6294001832591,جلاكسي مينيز ساده 13 ق,220.00
5056357900512,دولسي جوستو جلاكسي هوت شوكلت 17 جم * 8 ق,450.00
8902433030253,سكيتلز توت 27.3 جرام,65.00
6221134012279,جلاكسي ساده مينتشرز 117 جم,210.00
5000159555715,مالتيزر 37 جم,55.00
6285835000799,جلاكسي كيك كراميل 27 جم,70.00
5060402905346,ام اند امز كريسبي سبريد 200 جم,100.00
4009900524261,سكيتلز فواكه 160 جم,100.00
5060402901928,تويكس سبريد 200 جم,100.00
6221134013610,باونتي ويفر رولز 2 ق,12.00
6221134031218,جواهر 900 جم,"1,100.00"
6285835000171,جلاكسي ميلك فراوله 36 جم,50.00
5000159471688,ام اند امز شيكولاته 100 جم,120.00
5000159516273,ام اند امز كريسبي بار 150 جم,250.00
7896423438130,سنيكرز دارك 42 جم,40.00
6285835000768,جلاكسي كيك بندق 27 جم,70.00
5056357910306,جلاكسي مشروب 350 مل,180.00
6221134000092,جلاكسي فلوتس 1 ق,7.00
6221134014495,باونتي 2 باك 57 جم,55.00
6221134010657,جلاكسي فلوتس كريمي 1 ق,5.00
6285835000737,جلاكسي كيك فانيليا 27 جم,70.00
6221134013054,مارس 40 جم,55.00
6221134031089,جلاكسي شيكولاته 9 جرام,10.00
6285835000706,جلاكسي كيك شيكولاته 27 جم,70.00
5056357912447,جلاكسي فادج 110 جم,250.00
6221134002638,جلاكسي فلوتس 4 ق,20.00
5056357908303,جلاكسي دايجستف ميلك شوكلات 300 جم,200.00
5000159503983,ام اند امز شيكولاته 82 جم,100.00
40000005179,ام اند امز شيكولاته 45 جم,45.00
6221134032482,جلاكسي شيكولاته كريسبى 14 جم,15.00
40111445,ام اند امز سوداني 45 جم,45.00
6221134013870,جلاكسي مينتشرز كراميل 117 جم,150.00
5900951314575,ام اند امز ميني شيكولاته 20 جم,20.00
5000159561662,ام اند امز كريسبي 36 جم,50.00
5056357915981,جلاكسي فرابيه شوكليت 280 جم,550.00
5056357916001,جلاكسي فرابيه كارميل 280 جم,550.00
6221134012965,سنيكرز 40 جم,50.00
6221134012392,جلاكسي ساده 12.5 جم,15.00
5056357912485,مارس فيدج 110 جم,220.00
5060402904776,جلاكسي كوكيز 180 جم,180.00
8902433030260,سكيتلز 27.3 جرام فواكة,65.00
6221134000108,جلاكسي فلوتس 2 ق,12.00
6221134014532,باونتي 25 جم,25.00
6221134010145,جلاكسي مينيز كراميل 13 ق,220.00
5000159566391,ام اند امز كريسبي بار 29 جم,60.00
5000159462129,مالتزيرس بار 35 جم,90.00
5000159571883,جلاكسى بار نعناع 110 جم,150.00
5060402902130,تويكس مشروب 350 مل,50.00
5056357912409,باونتي فيدج 110 جم,220.00
5056357908150,جلاكسي دايجستف ميلك شوكليت 300 جم,230.00
5000159376655,سكيتلز فواكه 28 جم,35.00
5000159565295,جلاكسي ساده انجليزي 100 جم,150.00
6221134012880,سنيكرز 23 جم,35.00
7896423423822,سنيكرز 45 جم,40.00
5000159553834,جلاكسي ريبل 3*30 جم,90.00
5000159516235,ام اند امز سوداني بار 165 جم,250.00
5056357902844,مالتيزرس مشروب 350 مل,50.00
5056357909027,ام اند امز براوني مشروب 350 مل,70.00
6221134031126,جلاكسي كريسبي 9 جم,10.00
5056357909638,دولسي جوستو مالتيزرس هوت شوكليت 15 جم *8 ق,450.00
6221134014860,جلاكسي كراميل مينيز 11 ق - 154 جم,220.00
5900951000270,جلاكسى مينسترلز 42 جم,95.00
5900951321108,جلاكسي بار كارميل & ملح 135 جم,150.00
6221134009613,جلاكسي ساده 18 جم,30.00
5000159559034,باونتي 2 باك 57 جم,50.00
42069867,باونتي سناك 28.5 جم,20.00
1110877,جلاكسي ساده 40 جم,25.00
6221134010558,باونتي ويفر رولز 22.5 جم,10.00
5000159564854,مالتيزر شيكولاته بار 100 جم,180.00
6221134013542,باونتي ويفر رولز 1ق,7.00
6294001850793,جلاكسى كنافة بستاشيو ميلك 8 ق 90 جم,320.00
5000159489171,ام اند امز الوان صفيح 200 جم,550.00
6221134010718,جلاكسي فلوتس كريمي 2 ق,12.00
5000159504355,ام اند امز سوداني 82 جم,120.00
6294001850823,جلاكسي كنافه بستاشيو دارك 8 ق 90 جم,320.00
6294001814153,جلاكسي جواهر 200 جم,350.00
6221134007107,فلوتس 4+1 مجانا,50.00
6221134009187,جلاكسي جواهر 650 جم,700.00
6221134031263,جواهر 400 جرام,450.00
6221134011388,جواهر فانوس 74 جم,95.00
6294001828136,جلاكسي جواهر 400جم,450.00
11,جلاكسي جواهر 900 جم,11.00
6221134010350,جلاكسي جواهر 900 جم,950.00
6294001813668,جلاكسي جواهر 650جم,650.00
6221134031188,شيكولاته جواهر 400 جم,450.00
6221134010336,جلاكسي جواهر 400 جم,450.00
6221134031249,شيكولاتة جواهر مشكلة 650 جم,690.00
5011053027413,جوسي دروب كولا 26 جم,120.00
5011053024436,بازوكا جوسي دروب بلاست 120 جم,90.00
5011053023187,جوسي دروب كرز & توت 26 جم,120.00
5011053021244,جوسي دروب كولا & توت عليق 26 جم,120.00
5011053025983,جوسي دروب & قلم ساور 57 جم,160.00
5011053024139,جوسي دروب فراوله 26 جم,120.00
5011053013591,جوسي دروب فراوله & كشمش اسود 26 جم,120.00
5011053027352,جوسي دروب بوب فراوله 26 جم,120.00
6972856583768,جوسي دروب جامي فواكهه انواع 60 جم,100.00
8410376048032,جوليون بسكويت مومنت شوكو تابلت 150 جم,190.00
8410376045017,جوليون كراكر 200 جم,160.00
8410376027693,جوليون بسكويت قرفه كريسبي 470 جم,220.00
8410376064483,جوليون بسكويت شوفان & ميلك شوكو 150 جم,170.00
8410376037319,جوليون كراكر كلاسيك 3*100 جم,170.00
8410376033649,جالون جولدن ماريا 400 جم,200.00
8410376055719,جوليون فيتال داي رايس كيك وايت شوكلت و زبادي 125.2 جم,220.00
8410376053425,جوليون بار براوني 202.5 جم,280.00
8410376013191,جوليون ميني كراكرز ميكس 350 جم,170.00
8410376048148,بسكويت جولون 250جم,180.00
8410376039733,جولون بسكويت شوجر فري 170 جم,170.00
8410376047035,جوليون اوت بسكويت بدون سكر 410 جم,220.00
8410376075946,جوليون كراكرز بالاعشاب 160 جم,135.00
8410376015553,جوليون ويفر جوز هند 150 جم,80.00
8410376045024,جوليون دايجستف جلوتين فرى 150 جم,70.00
8410376026962,جوليون دايجيستف شوكو 425 جم,235.00
8410376047004,جوليون بسكويت بالزبادي 220 جم,220.00
8410376057805,جوليون زيرو شوفان دارك شوكلت 275 جم,250.00
8410376040920,جوليون بسكويت بالقرفة 235 جم,100.00
8410376033267,جوليون زيرو دايجستف 410 جم,220.00
8410376002256,جوليون هوكيز مينى كاكاو 250 جم,130.00
8410376070323,جوليون زيرو بسكويت دوائر 128 جم,175.00
8410376005776,بسكويت دايت فيبرا 250 جم,160.00
8410376037845,جوليون بسكويت برتقال 144 جم,160.00
8410376047028,جوليون شوفان دارك تشوكلت شوجر فري 270 جم,200.00
8410376055542,جوليون بسكويت شوفان دايت 280 جم,100.00
8410376064490,جوليون زيرو بسكويت شوفان شوكو 150 جم,180.00
8410376056914,جوليون رايس بايو اورجانيك 127 جم,200.00
8410376037883,جوليون كوكيز جلوتين فري 125 جم,190.00
8410376044409,جوليون بسكويت ميجا ديو 500 جم,230.00
8410376000351,بسكويت جالون قهوة الصباح 200 جم,85.00
8410376052633,جوليون زيرو شيبك شوكو 150 جم,180.00
8410376040425,جوليون بسكويت كوكيز شوفان وفواكهه 300 جم,150.00
8410376058864,جوليون شوفان &رايس كيك بالتوت واليوجرت 112.8 جم,250.00
8410376064353,جوليون ساندوتش هوكيز خالي من الجلوتين 230 جم,220.00
8410376015515,جوليون دايجستيف شوكو ليشي 300 جم,190.00
8410376057362,جوليون بايو اورجانيك 400 جم,350.00
8410376052589,جوليون بايو اورجانيك تفاح 270 جم,200.00
8410376050837,جولون بسكويت بايو الياف 170 جم,110.00
3030,جوليون بسكويت بالشيكولاته مدور 1 ق,30.00
8410376048391,جوليون بسكويت مومينت شوكو ستار مغطى بشيكولاته الحليب والكريمة 235.8 جم,180.00
8410376064070,جوليون زيرو ميني شوكو كوكيز 75 جم,75.00
8410376051148,جوليون توينز بالشوكلاته بدون سكر 147 جم,120.00
8410376026979,جوليون دايجستف موسلي بالمشمش والزبيب 365 جم,200.00
8410376024326,جوليون بسكويت شوكو دايجيستيف 270 جم,200.00
8410376039979,جوليون شوفان كوكيز شيكولاته 280 جم,140.00
8410376039719,جوليون كوكيز شوجر فري 125 جم,180.00
8410376023831,دايجيستيف احمر بدون سكر 400 جم,160.00
8410376061772,جوليون بسكويت شوفان & شوكلت شيبس 220 جم,220.00
8410376037784,جوليون زيرو بسكويت ساندوتش 250 جم,190.00
8410376046908,جوليون فيتال داي بسكويت فواكهه 300 جم,170.00
8410376014068,جوليون ميني كراكرز فيش 350 جم,170.00
8410376015539,جوليون بسكويت كريم ويفر 150 جم,100.00
8410376009415,جوليون كوكيز شيكولاته بدون سكر 125 جم,150.00
8410376032574,جوليون بسكويت بترفلاي بالسكر 165 جم,90.00
8410376061789,جوليون بسكويت جلوتين فري 225 جم,230.00
8410376057430,جوليون بايو اورجانيك كوكيز 150 جم,150.00
8410376014051,جوليون ميني كريكرز 350 جم,170.00
8410376037821,جوليون زيرو بسكويت شوكليت & صويا 6 ق,125.00
8410376044393,جوليون توينز زيرو ساندوتش 210 جم * 5 ق,200.00
8410376059397,جوليون زيرو ويفر شوكليت 180 جم,175.00
8410376060461,جوليون شوفان برتقال 280 جم,220.00
8410376042481,جوليون بسكويت دايت ساندوتش بالزبادى 220 جم,180.00
8410376042498,جوليون زيرو بسكويت افطار 216 جم,180.00
8410376057270,جوليون زيرو شوجر شوكو تابلت 150 جم,170.00
8410376035391,جوليون ليدى فينجر 400 جم,220.00
8410376037302,جوليون بسكويت كراكر 100 جم,55.00
8410376054064,جوليون دايجستف شوكلت & توت ازرق 270 جم,220.00
8410376010701,جالون ماريا 400 جم,210.00
8410376009408,جوليون زيرو بسكويت دوراداس 330 جم,200.00
8410376057645,بسكويت اناديدوس خالى من السكر 319 جم,660.00
8410376055740,جوليون فيتال داي شوفان 280 جم,160.00
8410376017342,جوليون كوكيز شوكلت شيبس 200 جم,260.00
8410376052596,جوليون بسكويت شوفان برتقال 180 جم,170.00
8410376042535,جوليون فيتال داي شوفان بحشو الشوكولاتة 220 جم,220.00
8410376028423,جولون بسكويت شيكولاته توينز 42 جم,65.00
8410376029079,جوليون زيرو بسكويت مدور 186 جم,190.00
8410376051933,جوليون ميني بايتس شيدر 250 جم,150.00
8410376054040,بسكويت جالون دايجيستيف برتقال 265 جم,160.00
8410376051940,جوليون ميني بايتس ببذور شيا & كينوا 250 جم,150.00
8410376049114,بسكويت مومنت دارك شوكليت 150 جم,270.00
8410376064469,جوليون ريزو سناك بالشوكولاته بدون سكر 150 جم,200.00
8410376015546,جوليون بسكويت شوكو ويفر 150 جم,100.00
8410376059380,جوليون زيرو ويفر فانيليا 180 جم,175.00
8410376042887,جوليون بسكويت شوفان فواكهه حمراء 220 جم,220.00
8410376049602,جولون شوجر فرى 245 جم,180.00
8410376017359,جوليون كوكيز جلاتين فري 200 جم,190.00
8410376064438,جوليون زيرو بسكويت ميلك شوكو 150 جم,200.00
8410376078053,جوليون بسكويت شاي 350 جم,220.00
8410376057782,جوليون فيتال داي رايس كيك وايت & زبادي 31.3 جم,35.00
8410376053333,جوليون بسكويت بيو اورجانيك 270 جم,220.00
8410376059366,جوليون ويفر فانيليا 60 جم,50.00
8410376013887,جوليون بسكويت ويفر ميكس 3*60 جم,150.00
8410376058628,جوليون تويست ساندويتش 220 جم,170.00
8410376059373,جوليون ويفر شوكلت 60 جم,50.00
8410376009392,جوليون بسكويت ساده فايبر 170 جم,110.00
5000171001184,جون ويست سردين محلول ملحي 120 جم,150.00
5000171002808,جون ويست سردين زيت زيتون 120 جم,150.00
5000171030696,جون ويست سردين زيت عباد الشمس 120 جم,130.00
6263083201106,صديق زعفران 2 جم,350.00
5000171010209,جون ويست سردين صوص طماطم 120 جم,130.00
1857,جون ويست تونه 132 جم,150.00
51500255186,جيف زبده فول سوداني كريمي 454 جم,320.00
51500369043,جيف زبده فول سوداني كريمي 454 جم,320.00
37600110723,سكيبي زبده فول سوداني كرانشي 462 جم,250.00
37600110754,سكيبي زبده فول سوداني كريمي 462 جم,250.00
51500255162,جيف زبده فول سوداني كريمي فري جلاتين 454 جم,320.00
51500255377,جيف زبده فول سوداني اكسترا كرانشي 454 جم,320.00
7622210442789,جيلي بون ساور باتش اطفال 80 جم,75.00
7622202207273,جيلي بون ساور باتش فراوله 80 جم,75.00
7622202207310,جيلي بون ساور باتش تروبيكال 80 جم,75.00
6986010021225,ساور باتش بودر عنب 20 مل,80.00
7622202207143,جيلي بون ساور باتش خوخ 80 جم,75.00
7622210796844,جيلي بون ساور باتش بطيخ احمر 80 جم,75.00
6931722319085,جيلي رول 30 جم,75.00
8691216095496,هاريبو ساور هابي كولا 70 جم,75.00
8691216080362,هاريبو جيلي هابي شيرز 80 جم,65.00
8691216020627,هاريبو جولد بيرز 80 جم,65.00
8682304260230,سويتو جيلى ساور رينج 70 جم,35.00
8682304260131,سويتو جيلى كولا 70 جم,35.00
8691216022027,هاريبو جيلي ستار ميكس 80 جم,65.00
0.10,جيلي ميني كب قطعه,10.00
8682304260124,سويتو جيلى دببة 70 جم,35.00
8682304260247,سويتو جيلى شاركس 70 جم,35.00
8992741905718,يوبي جيلي كولا 32 جم,20.00
8691216022010,هاريبو جيلي هابي كولا 80 جم,65.00
8691216020672,هاريبو بيريس 65 جم,70.00
8692544178035,باربي حلوي مفرقعة فراوله 7 جم,10.00
6948210602987,رولز فروت فراوله 10 جم,20.00
59642740768,واكس كاندي 4ق - 39 جم,350.00
8580004001057,بيست ستار مصاصه 1 ق,280.00
8436626000445,دولسي بلاس موز 90 جم,50.00
4823077628054,روشين بالزبدة والحليب 1 كيلو,425.00
8436626000407,دولسي بلاس كولا 90 جم,50.00
50251797,بولو نعناع شوجر فري 33.4 جم,50.00
8436535485005,مستر مالو مارشميلو تويست 500 جم,180.00
6920484027703,بيست ستار مصاصه 1 ق,120.00
4037400345772,كاتشز ايزى لايف 175 جم,280.00
8713800138614,توتى فروتى كولا 18 جم,25.00
4037400344782,كاتشز وندر لاند 175 جم,280.00
8410525254031,فيني ريب سوس عجل 180 جم,180.00
4100250006541,هيتشيز اورجينال ميكس 210 جم,320.00
8013399168512,توتى فروتى حلوى فواكه قلوب,25.00
5011053021664,رينج بوب كشمش اسود & كولا 10 جم,50.00
6927002800596,كريزي رول اب اطعم 14 جم,20.00
745092006942,جيلي بينز 36 نكهه 75 جم,90.00
34000560028,تويزلر فراوله 453 جم,600.00
5200314322101,مستكه شوب 200 جم,300.00
34000502349,تويزلر رينبو فواكه مشكل 351 جم,600.00
4009900460187,سكيتلز توت بري 38 جم,35.00
8436535484893,مستر مالو مارشميلو ابيض 500 جم,180.00
8436574499391,دولسي بلاس ريدبل 90 جم,50.00
4823077604317,روشين جوس 1 كجم,360.00
4823077624223,روشن بونى فروت ميكس صيف 200 جرام,120.00
8436535484909,مستر مالو مارشميلو بطيخ 500 جم,180.00
8436626000476,دولسي بلاس ساور ميكس,50.00
671866277709,سباوت لبان نعناع سنبلى 7 ق,20.00
6923985478241,سي سي ستيك فراوله 20 جم,20.00
796648129202,مسكا مستكه باطوق 87 .5 جم,280.00
34000544431,تويزلر شيرى 172 جم,450.00
8713800140945,جيلي بينز 18 نكهه 75 جم,90.00
4823077612732,روشين بيم بوم 200 جم,85.00
4009900538541,سكيتلز حلوى مطاطيه و مارشميلو 94 جم,250.00
46,بونبون شولن بوتيك,0.00
4823077627200,روشين بطعم الزبادى ( خوخ - كرز - فراولة )- 1كجم,425.00
671866277716,سباوت لبان نعناع فلفلى 7 ق,20.00
5,سيلكت كاندي برجر 9 جم,5.00
5060045052421,ساور سموج بولز كيس 85 جم,220.00
6959943684713,ليكويد سيرب 32 جم,25.00
4100250006312,هيتشيز ميكس بيرى 125 جم,300.00
8436535484916,مستر مالو مارشميلو فراوله 500 جم,180.00
6224010820753,مينت بايتس مينتول & ريبسوس 25 جم,15.00
4037400344737,كاتشز يوجى هارت 175 جم,280.00
8713800138577,توتى فروتى حلوى فواكه قلوب,25.00
6948210602956,رولز فروت موز 10 جم,20.00
6224010820739,مينت بايتس مينتول 25 جم,15.00
34000544059,تويزلر فراولة 141 جم,250.00
8713800139222,جيلي بينز فواكه 70 جم,120.00
8436535485012,مستر مالو مارشميلو رينبو 500 جم,180.00
8436626000452,دولسي بلاس بطيخ 90 جم,50.00
6223012616975,لارش ميلك كيك شوكو 1 ق,10.00
8013399168505,حلوى توتى فروتى بنكهة الفواكه,25.00
4823077611926,روشين مينكى بينكى 103 ق - 1كجم,470.00
671866277723,سباوت لبان قرفه 7 ق,20.00
4037400345765,كاتشز كولا لايف 175 جم,280.00
4823077623684,روشين سويت دروب 150 جم,95.00
5,جامي جم اشكال 1 ق,5.00
8713800138553,توتى فروتى حلوى فواكه,25.00
4009900550581,سكيتلز ساور 152 جرام,150.00
34000540105,تويزلر فراوله خالى من السكر 141 جم,500.00
6948210602949,رولز فروت بلوبيري 10 جم,20.00
111103808,روشين كريزى بى فروت 146 ق - 1 كجم,0.00
50189779,بولو نعناع اصلي 34 جم,50.00
10700702302,جولي رانشر هارد كاندي فواكهه 198 جم,220.00
3451300,تويزلر شيرى 63 جم,160.00
6920241420662,فاشون عقد كاندي 25 جم,50.00
89009871,بولو نعناع اصلي 12 جم,10.00
8436535484923,مستر مالو مارشميلو ميني 500 جم,180.00
50,فروت رول ابس انواع 14 جم,50.00
202020,سي سي ستيك 16 جم,20.00
8436626000414,دولسي بلاس فراولة 90 جم,50.00
41396093306,ساور دادز ديبرز فراوله & بلوبيري 16.8 جم,35.00
8410525226533,فيني ريب سوس تويست 180 جم,180.00
6223012618528,مولتن لارش XL,20.00
5000159376792,سكيتلز ساور 38 جم,35.00
40345192,سمارتس تيوب 38 جم,50.00
4003084843071,ترولي كاندي فراوله 18 جم,20.00
1,شوبا علكه ساور عنب 1 ق,1.00
8410525235573,فيني جورميه ريب سوس 32 جم,45.00
8436535484992,مستر مالو مارشميلو تيوبس 500 جم,180.00
4823077624247,روشن بونى فروت ميكس حمضيات 200 جرام,120.00
4823077604591,روشين سويت دروب ميلك كراميل 1 كجم,450.00
16000502963,توتي فروت رول اوبس اطعم 16 جم,25.00
6224010820746,مينت بايتس مينتول اقوي 25 جم,15.00
6224009543045,كاندي كان سانتا ستيك 1 ق,15.00
4823077632327,روشين مينتكس مينت 339 ق - 1 كجم,425.00
4823077624261,روشن بونى فروت ميكس بيرى 200 جرام,120.00
6978030990100,بينجو شيبس 40 جم باربكيو,30.00
4823077623714,روشين ميلكى سبلاش 150 جم,125.00
6948210602963,رولز فروت برتقال 10 جم,20.00
34000544028,تويزلر فراولة 198 جم,500.00
4037400344423,كاتشز ايزى لايف فراشه 175 جم,280.00
8852008910421,لوتي فيوجن فراوله 20 جم,30.00
73390020620,ايرهيدز اطعم 6 ق - 93.6 جم,200.00
50189052,بولو نعناع اصلي 34جم,50.00
8716200672542,ابو قوس بوفيه مبخر 410 مل,140.00
6223001878001,المراعى حليب كامل الدسم 1 لتر,65.00
6223000710531,لبنيتا فوم ميلك 1 لتر,65.00
6223000350065,حليب جهينة كامل الدسم 1 لتر,65.00
6221007040606,نستله حليب مجفف كامل الدسم 1.750 كجم,850.00
8715300306876,كوست لبن مكثف نباتي 397 جم,90.00
9559642223908,جرين سويس جاردين حليب مكثف 390جم,95.00
9555513211937,حليب مكثف ميلربو 380 جم,120.00
11103396,ايس كريم كوب صغير خامات,0.00
11103375,استيكر لوجو خامات,0.00
11103399,مناديل خامات,0.00
11103397,ايس كريم كوب كبير خامات,0.00
11103398,ايس كريم معلقة خامات,0.00
6224003098060,واي جا اف يامي يامي كريمه شيكولاته 2 ق,35.00
6224003098053,واي جا اف يامي يامي كريمه حليب 2 ق,35.00
6224003098015,واي جا اف بيست خبز بكريمه الحليب 300 جم,50.00
6224003098022,واي جا اف بيست خبز محشو شوكولاته 290 جم,50.00
6224003098084,واي جا اف بيست خبز محشو زبده فول سوداني 300 جم,50.00
50,خدمه التوصيل,50.00
10,خدمه توصيل انستا,20.00
111101231,فواكهه & خضروات مقرمشه مبرده بالوزن,0.00
5202772236228,ايما مستيكه يوناني 13 جم,120.00
5202772811128,خيوس مستكه حبوب 10 جم,180.00
5202772821127,خيوس مستكه حبوب صغيره 10 جم,180.00
5202772121128,خيوس مستكه حبوب كبيره 10 جم,130.00
5202772833229,خيوس مستكه 20 جم,280.00
4006067084225,دافيدوف ريتش اروما 100 جم,400.00
4061445226703,دافيدوف كبسولات فاين اروما 10*5.5 جم,400.00
4061445096726,دافيدوف نسكافيه ريتش اروما 100 جم,400.00
4006067084188,دافيدوف ريتش اروما 100 جم,400.00
4061445226680,دافيدوف كبسولات ريتش اروما 10*5.5 جم,280.00
4006067084300,دافيدوف فاين اروما 100 جم,400.00
4061445226727,دافيدوف كبسولات كريمي ايلجنت 10*5.5 جم,400.00
4061445226741,دافيدوف كبسولات كريمي انتنس 10*5.5 جم,400.00
4061445366690,دافيدوف اسبرسو 57 - 100 جم,450.00
4006067086984,دافيدوف اسبريسو 57 - 250 جم,560.00
4006067048388,دافيدوف ريتش اروما 250 جم,560.00
4061445272205,دافيدوف كبسولات برازيل 10 ق,280.00
4046234972986,دافيدوف كريما انتنسي 90 جم,450.00
4061445366652,دافيدوف ريتش اروما - 100 جم,450.00
4006067061288,دافيدوف اسبريسو 57 - 100 جم,400.00
4006067060977,دافيدوف اسبريسو 57 - 100 جم,400.00
4061445272182,دافيدوف كبسولات اسيا 10 ق,300.00
4061445226666,دافيدوف كبسولات 57 اسبريسو 10*5.5 جم,400.00
8436014440211,دالس بلاس كولا 100 جم,50.00
8436014441683,دالس بلاس تماسيح 100 جم,50.00
8436574499360,دالس بلاس ريب سوس حلقات 90 جم,50.00
8436014441713,دالس بلاس موز 100 جم,50.00
8436014440112,دالس بلاس بطيخ 100 جم,50.00
8436014441751,دالس بلاس فراوله 100 جم,50.00
8690997024626,داملا ساور بطيخ 80 جم,30.00
8690997021007,داملا ساور كولا 80 جم,30.00
8690997021021,داملا ساور فروت جاردن 80 جم,30.00
6223004642067,دانتي دارك سوداني شيكولاته 50 جم,15.00
6223004642050,دانتي ميلك سوداني بالشيكولاته 50 جم,15.00
8886001012295,دانيس بسكويت زبدة 375 جم,320.00
8996001303795,دانيس بسكويت زبده 18 ق * 31 جم,280.00
8996001303634,دانيس بسكويت زبده 162 جم,150.00
8996001303764,دانيس بسكويت زبدة 200 جم,180.00
8886001012301,دانيس بسكويت زبدة 750 جم,570.00
6224008082910,دبل دير كولا 250 ملل,20.00
6224008082064,دبل دير بطيخ زجاجة 275 ملل,15.00
5010102100015,دكتور بيبر 330 مل,80.00
8435185954626,دكتور بيبر شيري 330 مل,85.00
8435185944009,دكتور بيبر فواكه 330 مل,80.00
5902860417781,دكتور بيبر فانيلا 330 مل,85.00
8435185953711,دكتور بيبر زيرو شوجر 330 مل,80.00
5000112515039,دكتور بيبر 330مل,80.00
5904741660026,دكتور بيبر فراوله & كريم 330 مل,85.00
622564887905665,دوتس حبوب اسبريسو دارك شوكو 50 جم,45.00
6225000577749,دوتس حبوب اسبريسو وايت شوكو & قرفه 125 جم,110.00
6225000577718,دوتس حبوب اسبريسو دارك شوكو 125 جم,110.00
6225000577732,دوتس حبوب اسبريسو وايت شوكو 125 جم,110.00
6225000577725,دوتس حبوب اسبريسو دارك شوكو 50جم,45.00
8445290870537,دولسي جوستو ريسترتو اردينزا 16 ق,450.00
7613036926997,دولسي جوستو ستاربكس كراميل مكياتو 6 ق,450.00
7613035690639,دولسي جوستو شوكوينو 16 ق,450.00
5000243800158,دولسي جوستو الموند كوفي لاتيه 12 ق,450.00
7613036601344,دولسي جوستو نابولي 13 - 16 ق,450.00
8445290351623,دولسي جوستو سبريسو ميلانو 16 ق,450.00
7613036940832,دولسي جوستو ستاربكس هاوس بليند 12 ق,450.00
7613037928532,دولسي جوستو سبريسو 5 - 16 ق,450.00
7613032827014,دولسي جوستو كورتادو 16 ق,450.00
8445290857460,دولسي جوستو بالانسيد روستي لونجو 10 ك,450.00
8445290439642,دولسي جوستو امريكانو سويت اروماتيك 16 ق,450.00
8004399332959,ماكينه دولسى جوستو قهوة,"8,000.00"
7613039838143,دولسي جوستو ستاربكس كافيه لاتيه,450.00
7613036943529,دولسي جوستو ستاربكس كراميل مكياتو 6 ق,450.00
7613033157776,دولسي جوستو نسكويك كوكا ميلك 16 ق,450.00
7613038642024,دولسي جوستو دالمير انتنسا 16 ق,450.00
7613036966405,دولسي جوستو كافي جينسنج - 12 ق,450.00
8445290439666,دولسي جوستو امريكانو اروماتيك 16 ق,450.00
7613033174704,دولسي جوستو كافي او لايت 16 ق,450.00
7613036084659,دولسي جوستو كافي اوليه 16 ق,450.00
8445290422149,دولسي جوستو ميلانو 16 ق,450.00
7613036868082,دولسي جوستو سبريسو انتنسو 7 - 16 ق,450.00
7613033174667,دولسي جوستو كافي اوليت بلانسد & راوند 16 ق,450.00
8445290442437,دولسي جوستو امريكانو انتنسو 16 ق,450.00
7613036927109,دولسي جوستو ستاربكس اسبريسو روست 12 ق,450.00
7613037927818,دولسي جوستو اسبريسو ديلايت فروتي 16 ق,450.00
7613038641539,دولسي جوستو كافيه لاتيه 16 ق,450.00
8445290422200,دولسي جوستو باليرمو 16 ق,450.00
7613033590146,دولسي جوستو لانجو انتنسو 16 ق,450.00
8445290422163,دولسي جوستو روما 16 ق,450.00
35,دولسي جوستو كبسولات انواع - 1 ق,35.00
7613036271905,دولسي جوستو كابتشينو 16 ق,450.00
7613036306270,دولسي جوستو كابتشينو 16 ق,450.00
7613287335265,دولسي جوستو ستاربكس مادغشقر فانيلا ماكيتو 6 ق,450.00
7613036271882,دولسي جوستو كابتـشينو,450.00
7613037788228,دولسي جوستو لاتيه ماكيتو كراميل 8 ق,450.00
8445290421456,دولسي جوستو نابولي 16 ق,450.00
7613036927031,دولسي جوستو ستاربكس لاتيه مكياتو 6 ق,450.00
8445290396860,دولسي جوستو ستاربكس وايت موكا 6 ق,450.00
7613032802035,دولسي جوستو كابتشينو بدون سكر سكيني 8 ق,450.00
7613287300454,دولسي جوستو روما 8 - 16 ق,450.00
8445290984609,دولسي جوستو امريكانو 12 ق,450.00
7613036306294,دولسي جوستو كابتشينو 8 ق,450.00
7613038901954,دولسي جوستو مراكيش تي 16 ق,450.00
7613036069786,دولسي جوستو كافي اوليت انتينسو 16 ق,450.00
8445291179257,دولسي جوستو كيت كات 16 ق,450.00
8445290352194,دولسي جوستو اسبريسو انتنسو ديكاف 16 ق,450.00
7613033091391,دولسي جوستو دالمير كراميل 16 ق,450.00
8432322422628,دولسي جوستو كروبس ماكينه,"8,000.00"
7613031587377,دولسي جوستو كابتشينو بدون سكر 16 ق,450.00
8445290678553,دولسي جوستو اسبريسو ميلانو 16 ق,450.00
7613036072229,دولسي جوستو انتنسو 16 ق,500.00
8445290442369,دولسي جوستو جراندي 16 ق,450.00
7613032396350,دولسي جوستو كورتادو 16 ق,450.00
5000243800738,دولسي جوستو لاتيه جوزهند 12 ق,450.00
7613036991148,دولسي جوستو نسكويك 16 ك,450.00
8445290869531,دولسي جوستو ريسترتو باريستا 16 ق,450.00
7613287591609,دولسى جوستو DOPPIO اسبرسو 16 ق,450.00
1200,Candy Club - Cap Holder,"1,200.00"
7613036867436,دولسي جوستو اسبريسو انتنسو سبايسي 16 ق,450.00
8445290869630,دولسي جوستو سبريسو باريستا 16 ق,450.00
8445290694508,دولسي جوستو موكا 8 + 8 ق,450.00
8445291179301,دولسي جوستو كيت كات 16 ق,450.00
8445290870667,دولسي جوستو اسبريسو اردينزا 11- 16 ق,450.00
7613033494314,دولسي جوستو كورتادو ديكاف 16 ق,450.00
7613036927017,دولسي جوستو ستارباكس كابتشينو 6 ق,450.00
7613037505641,دولسي جوستو لاتيه ماكيتو 16 ق,450.00
8445290830609,دولسي جوستو SICAL بدون كافيين 16 ق,450.00
8445290860743,دولسي جوستو كابتشينو 6 ق,450.00
7613036760171,دولسي جوستو اسبريسو انتنسو 16 ق,450.00
8445291334007,دولسي جوستو نسكافيه جولد 16 ق,450.00
7613287343857,دولسي جوستو باليرمو 10 - 16 ق,450.00
7613035695610,دولسي جوستو دي موكا ايسينزا - 16 ق,450.00
7613036828444,دولسي جوستو اسبريسو انتنسو 7 - 16 ق,450.00
7613037491173,دولسي جوستو ماكيتو لاتيه 8 ق,450.00
7613036595735,دولسي جوستو فلات وايت 16 ق,500.00
7613287335159,دولسي جوستو ستاربكس مادغشقر فانيلا ماكيتو 6 ق,450.00
7613036474832,دولسي جوستو فلات وايت 16 ق,500.00
7613033659782,دولسي جوستو دالمير كريما 16 ق,450.00
8445290398253,دولسي جوستو ستاربكس وايت موكا 6ق,450.00
7613033162183,كبسولات دولسى جوستو نسكويك 16 ق,450.00
8445290871992,دولسي جوستو بالانسيد روستي لونجو 10 ك,450.00
7613036562874,دولسي جوستو ريستريتو نابولي 13 - 16 ق,450.00
8445290694881,دولسي جوستو موكا 16 ق,450.00
7613287300362,دولسى جوستو Buondi اورجينال 16 ق,450.00
7613037788884,دولسي جوستو لاتيه ماكيتو كراميل 8 ق,450.00
8445290871923,دولسي جوستو لانجو 16 ق,450.00
8445290836342,دولسي جوستو SICAL كبسولات 16 ق,450.00
7613035001848,دولسى جوستو Ricore لاتيه 16 ق,450.00
7613033160141,دولسي جوستو نسكويك 16 ك,450.00
7613037491159,دولسي جوستو لاتيه ماكيتو 16ق,450.00
6223016390277,ديسباسيتو كنافه فسدق 150 جم,240.00
6223016390291,ديسباسيتو زبادي ميكس بيري 150 جم,240.00
6224009856923,ديسباسيتو بالبسكويت 150 جم,240.00
6223016390260,ديسباسيتو بسكويت 150 جم,240.00
9312631801552,ديلما شاي سيلاني 50 ق,75.00
9312631170856,ديلما شاي سيلاني 100 ق,150.00
9312631801101,ديلما شاي سيلاني 25 ق,50.00
11101137,ديلما شاي سيلاني 100 ق,200.00
6285602011294,ديمه بسكويت سوفتي بالتمر 63 جم,30.00
776992008774,ديمه بسكويت بجوز الهند 68 جم,20.00
776992110163,ديمه كريمه بسكويت فانيليا 20 جم,10.00
776992057031,ديمه دونات كيك بكريمه الشوكولاته 40 جم,30.00
776992010456,ديمه بسكويت بلاك & وايت 68 جم,20.00
776992110132,ديمه كريمه بسكويت بلاك & وايت 20 جم,10.00
6285602011768,ديمه بسكويت بالتمر 75 جم,30.00
6285602011782,ديمه بسكويت تمر 150 جم,45.00
776992036326,ديمه فانتزي كيك بكريمه الشوكولاته 40 جم,30.00
6285602012697,ديمه فانتزي كيك شوكو 40 جم,30.00
6285602012208,ديمه كراكي بسكويت مالح ساده 90 جم,30.00
6285602012581,ديما كليجا بالهيل 62 جم,30.00
776992060017,كراكي بالملح 90 جم,30.00
776992050810,ديمه دايجستف نخاله 340 جم,85.00
776992030010,ديمه معمول بالتمر 72 جم,40.00
776992110101,ديمه كريمه بسكويت برتقال 20 جم,10.00
776992500131,كراكي بالملح 42 جم,20.00
776992110149,ديمه كريمه بسكويت فراوله 20 جم,10.00
776992110156,ديمه كريمه بسكويت شوكولاته 20 جم,10.00
776992002062,ديمه معمول بالتمر 35 جم,15.00
776992002871,ديمه بسكويت كريمه بالشوكولاته 68 جم,20.00
776992110125,ديمه كريمه بسكويت موز 20 جم,10.00
6285602006429,ديمه بسكويت بالتمر 50 جم,18.00
90020599,راوخ عنب ابيض 250 مل,45.00
90020087,راوخ عنب احمر 250 مل,45.00
90020582,راوخ تفاح 250 مل,45.00
9008700152648,راوخ خوخ 250 مل,45.00
5010511478705,تافينرس ريب سوس انجليزي 165 جم,160.00
4037400344843,كاتجيس ريب سوس اطفال 175 جم,250.00
80052487,فريرو رفايللو 30 جم,50.00
11102003,رمضان بوكس خشب اكبر حجم - 350,350.00
11102012,رمضان فانوس ايكيا شمعه فاخر - 260,260.00
11101543,جيفت بوكس اسود * بيج - وسط 50,50.00
11102446,جيفت حصاله ستيتش - 100,100.00
11103671,تيرا جار كبير - 1000,"1,000.00"
11103658,رمضان فانوس بوجى & طمطم كبير - 1000,"1,000.00"
11101939,جيفت بوكس اسود ورد & قلب 4-150,150.00
11101308,جيفت بلوره 180,180.00
11101248,جيفت بوكس قلب وسط,55.00
11104075,جيفت مج قهوة - 200,200.00
11101537,جيفت بوكس نجوم اسود 1 40,40.00
11104144,كارت وسط + ظرف - 50,50.00
1110960,جيفت نوت بوك ستيتش مجسم 155,155.00
1110954,جيفت اباجوره 145,145.00
11102155,لعبه طياره هابي اير كرافت 69 - 50,50.00
2224444,شمعة مينى جار,500.00
11101492,جيفت شموع 5 ق,75.00
11101407,جيفت مج حراري قهوه & كوب شنطه 350,350.00
11101741,جيفت اخطبوط لميع - 150,150.00
500,جيفت ورده خاتم - 500,500.00
11103969,ايفريدى حجاره قلم احمر 1 ق,20.00
11104229,ميداليه خروف كروشيه - 250,250.00
11102001,رمضان بوكس خشب ص - 100,100.00
11103837,جيفت منبه اشكال صغير - 200,200.00
6225000694651,نــوفــو مزيـل بقع 125مل,250.00
11101397,جيفت اظرف ورقيه 15,15.00
6666,جيفت بوكس بلوره مدور كبير - 400,400.00
1110853,جيفت بوكيه ميلكا,520.00
1110568,جيفت زجاجه مياه شاليموه,130.00
11102154,لعبه عربيه سبايدر مان 59 - 80,80.00
11103645,رمضان تلفزيون فنانيس -- 2000,"2,000.00"
1110605,جيفت شنطه هدايا نص 1 ق - 25,25.00
2224449,شمعة جار كبير كريسماس,"1,000.00"
11102076,جيفت بوكس فيونكه الوان - 2,70.00
11104263,تيرا جار - 450 ( fish ),450.00
1110545,جيفت بوكس هدايا 2 ق - صغير,180.00
11103747,جيفت دباديب ديزني - 450,450.00
11102016,رمضان ميداليه وش اشكال كبير - 60,60.00
11103637,رمضان دبدوب بسنت & طمطم & بكار -150,150.00
11103832,بوكس مربع فيونكات - 300,300.00
11101556,جيفت شنطه ورق كبير 40,40.00
1110592,جيفت برايد تو بي بالونه هليوم,60.00
1110544,جيفت كارت هدايا 1 ق,15.00
11101157,جيفت مجات مطبوعه 120,120.00
11103787,رمضان فانوس شاشه اريال - 2750,"2,750.00"
1110874,جيفت استيتش بينك كبير لميع - 400,400.00
11101256,جيفت سبونش بوب صغير 150,150.00
11103836,جيفت طقم ستيتش معلقه + شوكه - 200,200.00
11102444,جيفت بقره فراوله دبدوب - 250,250.00
1110755,جيفت بلوره مضيئه ص 1 ق,150.00
1110564,جيفت مون زجاجه مياه & دببه 165,165.00
1110622,جيفت هالو كيتي &هالو بوو دبدوب فرو - 300,300.00
11101996,رمضان بكار & دياسطي مستورد - 300,300.00
11101750,جيفت مخده سفر & كابيتشو - 500,500.00
1110536,جيفت بوكس منقط صغير,50.00
11101249,جيفت بلوره ستيتش 275,275.00
w4,جيفت كروت الوفاء -- 150,150.00
11101754,جيفت اباجوره اشكال - 250,250.00
11103654,رمضان فانوس بلورة - 400,400.00
11101259,جيفت كورتي البعبع ص 150,150.00
11101399,بوكس مدور 125,125.00
11104072,شنطه مستحضرات تجميل وسط - 350,350.00
11101194,جيفت كوب شفاف ستيتش 220,220.00
11102318,جيفت بلوره ستيتش كبيره غناء & موسيقي 500,500.00
11103711,جيفت بالونات هيليوم قلوب - 80,80.00
1110955,جيفت اباجوره 210,210.00
11101390,جيفت مجات زجاج & شاليموه غطا سيلكون 210,210.00
11102220,جيفت بوكس العيد بالونات - 25,25.00
11101751,جيفت حصاله حديد & كوبايه - 350,350.00
11101273,جيفت مج اشكال خشب & معلقه 250,250.00
11101547,جيفت دبدوب احمر سكارف وسط 250,250.00
11104112,شمع حلزونى مدور - 35,35.00
500500,مج بورسلين ستيتش كبير - 500,500.00
1110586,جيفت شموع هابي بيرث داي,50.00
11101565,جيفت بوكس احمر ساده 1 - 20,20.00
1110947,جيفت دبدوب ارنب سالوبيته لوتسو,295.00
11102757,Gift - Tools - 1 pcs,10.00
1110875,جيفت زجاجه مياه صاب 800 مل,175.00
1110856,جيفت بوكس مدور كبير 200 J4U,200.00
550,جيفت بوكس 2*1 بلوره - 550,550.00
6900202430312,جيفت نوت بوك باندا & قلم - 110,110.00
1122,جيفت بوكس اسود مدور - 2 - 200,200.00
11102002,رمضان بوكس خشب كبير - 250,250.00
11101283,جيفت برج ايفل 70,70.00
w3,جيفت كروت الوفاء -- 120,120.00
11103191,جيفت بطريق كبير & سبونش وسط - 300,300.00
1110597,جيفت ستاره عيد ميلاد,30.00
6972022707202,جيفت نوت بوك لوتسو & استيك 100,100.00
11104262,تيرا جار ماتشا - 550,550.00
150,رمضان سبحه كريستال كبيره - 150,150.00
22244412,شمعة جار مدور بشجرة الكريسماس,300.00
11102148,جيفت شنطه كرافت كبيره,70.00
1110761,جيفت دبدوب بيكاتشو & خدود & باندا قلب - 250,250.00
1110576,جيفت فيل سالوبيته,100.00
1110593,جيفت خطوبه بالونه هليوم,60.00
100,رمضان سبحه كريستال صغيره - 100,100.00
1110916,جيفت زجاجه مياه موون,165.00
11101255,جيفت دببه ميداليه اشكال 80,80.00
1110620,جيفت كتكوت ابيض دبدوب 1 ق,320.00
11101274,جيفت علاقه عربيه بطه & رائد فضاء - 155,155.00
11104121,بوكس مدور خوص 15 سم - 150,150.00
11101409,جيفت زجاجه حراري الوا ن 150,150.00
1110741,جيفت جار 1 ق,50.00
w2,جيفت كروت الوفاء -- 90,90.00
6223006550377,جيفت تلج افراح - 50,50.00
22244426,شمع وردة زجاج,500.00
11101961,جيفت مج حراري صغير 150 مل - 220,220.00
11102015,رمضان ميداليه وش اشكال ص - 30,30.00
22244414,شمعة فراشة,100.00
11103675,تيرا بوكيه ورد - 800,800.00
1110859,جيفت بوكس شباك كبير - 100,100.00
6930662707150,جيفت نوت بوك لوتسو & استيك 100,100.00
11102156,لعبه ديناصور عربيه 60 - 50,50.00
11101582,جيفت مج بورسلين ستيتش 300,300.00
1110560,جيفت بوكس سداسي - وسط,50.00
22244416,شمع ورد احمر,80.00
11102677,بوكس جلد مربع مقاس 1 - 200,200.00
2224442,شمعة بيت ( home ),150.00
11103197,جيفت مجات شي ان + طبق - 550,550.00
1110965,جيفت ميداليه فرو ايس كريم & شاليموه 85,85.00
1110961,جيفت نوت بوك اشكال 100,100.00
2224441,شمعة شجرة الكريسماس,150.00
11104071,شنطه مستحضرات تجميل ص - 250,250.00
11101588,جيفت مج طويل ستيتش & دببه 200,200.00
1110870,جيفت زجاجه مياه شريط 75,75.00
11101552,جيفت بوكس مدور سيلفر 3 - 100,100.00
1110966,جيفت دبدوب قلب احمر 800,800.00
22244424,شمع شنطة,500.00
1110566,جيفت زجاجه مياه ستيك 1000 مل - 300,300.00
11103647,رمضان فانوس كلوب وسط - 1870,"1,870.00"
11101964,جيفت دبدوب احمر & مينيون كبير - 350,350.00
11101413,جيفت مج حراري Coffe الوان - 275,275.00
1110567,جيفت زجاجه مياه اطفال,120.00
11101748,جيفت مج حراري كبير & شاليموه 450,450.00
1110577,جيفت سلحفاه دبدوب كبير & يوني كورن 220,220.00
11103692,رمضان مج بورسلين - 200,200.00
11104076,ميداليه خروف لوكس - 200,200.00
1110580,جيفت عروسه ميداليه,85.00
11101752,جيفت مج حراري ستيتش - 400,400.00
11101580,جيفت شجره كريسماس - 120,120.00
6972024707699,جيفت نوت بوك لوتسو & استيك 100,100.00
1110732,جيفت اباجوره رجل الي & بطريق 220,220.00
11103860,بوكس عيديه صغير - 150,150.00
11101940,جيفت بوكس اسود ورد & قلب 5-200,200.00
11101546,جيفت وزه & دب فيونكه 150,150.00
1110601,جيفت مج زجاج اشكال - 250,250.00
6972022808633,جيفت نوت بوك مغناطيس كرتون & قلم - 200,200.00
11103834,جيفت دبدوب عملاق - 2000,"2,000.00"
w5,جيفت كروت الوفاء -- 240,240.00
11103673,تيرا جار وسط ( رساله ) - 600,600.00
11101576,جيفت بوكس احمر 8-10,80.00
11101277,جيفت اباجوره اشكال - 300,300.00
11103653,رمضان ديكور هلال اسود معدن - 750,750.00
1110968,جيفت دبدوب ستيتش لميع,220.00
1110862,جيفت بوكس سداسي 3,50.00
11103693,جيفت مج حرارى مضرب الكترونى -450,450.00
1110582,جيفت بالونات هليوم مدوره ارقام & حروف,40.00
11101275,جيفت اباجوره ستيتش صغير 130,130.00
1110890,جيفت كاندي دبدوب 1 ق,45.00
11101581,جيفت مج شفاف & شاليموه & جلد 150,150.00
7777,جيفت بوكس 3*1 بلوره - 600,600.00
11101395,جيفت دبدوب كوكي & ستيتش سوسته - 220,220.00
11101538,جيفت بوكس نجوم اسود 2 60,60.00
1110771,جيفت بوكيه كاندي احمر,600.00
1110596,جيفت هابي بيرث داي كلمه بالونه,50.00
11104077,ميداليه لوكس - 200,200.00
11101739,جيفت كوب شفاف صغير ديزني - 90,90.00
1110743,جيفت زجاجه مياه ديزني & فلامنجو 1 ق,100.00
11103762,رمضان فانوس فنانيس بلوره -400,400.00
11103858,جيفت بيت عيد - 50,50.00
11102079,جيفت بوكس فيونكه الوان - 5,200.00
ش ز,جيفت شموع زجزاج 6 ق,50.00
11101541,جيفت بوكس نجوم اسود & رباط 5 - 150,150.00
2224445,شمعة بابلز,200.00
11101896,جيفت شنطه هدايا جامبو - 100,100.00
11102874,جيفت بوكس اكليرك كبير - 750,750.00
1110541,جيفت بوكس ثماني 3 - 60,60.00
11104157,بوكس خروف - 200,200.00
11103788,رمضان فانوس شاشة - 2200,"2,200.00"
1110599,جيفت اباجوره كبيره - 500,500.00
1110748,جيفت دبدوب فلافيلو & دب تيشرت 300,300.00
11104266,تيرا جار - 400 ( s -sea ),400.00
1110872,جيفت زجاجه مياه شريط كبيره - 350,350.00
11102157,لعبه موتوسيكل ضغط 70 - 90,90.00
1110918,جيفت اباجوره تاتش قلب,195.00
1110956,جيفت اباجوره 240,240.00
1110763,جيفت ميداليه اشكال - 150,150.00
1110581,جيفت ارقام & حروف هليوم,25.00
11102159,لعبه عروسه فروزن 77 - 85,85.00
11103745,الوفاء كارت رمضان كبير XL,100.00
11101386,جيفت مج زجاج دب & بعبع & ستيتش 100,100.00
11103744,الوفاء كارت رمضان كبير,60.00
10001000,جيفت دبدوب ستيتش كبير 1000,"1,000.00"
11101554,جيفت شنطه كرافت ورق صغير - 15,15.00
11101935,جيفت بوكس شكرا - 5,85.00
11101270,جيفت مجات بورسلين - 250,250.00
11102835,جيفت شنطه كرافت كبيرة XL,100.00
1110607,جيفت شنطه هدايا بوكس 1 ق - 50,50.00
1110745,جيفت زجاجه اكليرك غطاء ثنائي 1 ق,220.00
11102347,جيفت سوكيت شحن اشكال - 100,100.00
22244422,شمع بوله خشب,400.00
11103786,رمضان فانوس جرامافون - 3200,"3,200.00"
11103746,جيفت دبدوب فلانتاين كبير - 750,750.00
11101749,جيفت مج حراري & شاليموه الوان - 300,300.00
1110618,جيفت ميداليه مستورده انواع 1 ق - 100,100.00
11101551,جيفت بوكس مدور سيلفر 2 - 50,50.00
11101253,جيفت مج ستيتش حراري 295,295.00
11101408,جيفت مج حراري ديجتال & الوان 300,300.00
11101254,جيفت زجاجه مياه 650 مل - 150,150.00
11101946,جيفت بالونات مهرجين & ادغال 1 ق,50.00
1110546,جيفت بوكس هدايا 2ق - كبير,220.00
11101257,جيفت شلبي دبدوب صغير - 340,340.00
11101584,جيفت مج ديناصور & معلقه 300,300.00
11103644,رمضان بلورة صغيرة -200,200.00
1110962,جيفت نوت بوك ماربل اشكال 145,145.00
11101475,شنطة ديزني 28,28.00
11101268,جيفت زجاجه مياه ستيتش 265,265.00
1110764,جيفت ميداليه ستيتش 1 ق - 90,90.00
1110579,جيفت دباديب اشكال صغيره,70.00
1000,جيفت دبدوب ورده خاتم - 1000,"1,000.00"
11101246,جيفت زجاجه رسايل ك 40,40.00
11102023,جيفت بوكس ابيض ارت - 280,280.00
1110734,GIFT BAR,10.00
11103655,رمضان تماره كبير - 1000,"1,000.00"
1110612,جيفت ستيتش نوتي ستيك كارت 1 ق,40.00
1110873,جيفت اباجوره ستيتش كبير بينك - 450,450.00
11101994,جيفت شنطه كرافت شفاف ص - 30,30.00
11102008,جيفت شنطه هدايا - 50,50.00
11102077,جيفت بوكس فيونكه الوان - 3,90.00
1110537,جيفت بوكس منقط وسط,60.00
1110616,جيفت ميداليه ميكي لعبه 1 ق- 120,120.00
11101755,جيفت ميداليه فرو اشكال - 120,120.00
11101276,جيفت بوكس 65,65.00
1110553,جيفت بوكس S-G فيونكه - ص 50,50.00
11101966,جيفت دباديب اشكال - 750,750.00
1110867,جيفت بوكيه كاندي بينك,250.00
11101267,جيفت مج حراري ديجيتال & ديزني 375,375.00
11102158,لعبه متحولون عربيه 63 - 120,120.00
1110944,جيفت بوكس اسود فيونكه احمر ص,40.00
11103763,رمضان فانوس فنانيس بلوره - 300,300.00
11101740,جيفت بارتي بوبر العاب ناريه 1 ق,50.00
1110757,جيفت اباجوره ستيتش 1 ق- 220,220.00
11101192,جيفت مج حراري تاج & صاج 250,250.00
1110762,جيفت ميداليه ستيتش قاعد 1 ق- 100,100.00
11103758,رمضان فانوس فنانيس كبير - 3200,"3,200.00"
1110619,جيفت ستيتش دبدوب 30 سم - 1 ق,300.00
1110617,جيفت ميداليه اله حاسبه 1 ق,100.00
11104261,تيرا كب كيك - 150,150.00
11102024,جيفت شنطه - 70,70.00
11101550,جيفت بوكس مدور سيلفر 1 - 20,20.00
11101583,جيفت كوب شفاف ستيتش & ديزني 120,120.00
1110589,جيفت شريط هدايا لامع,40.00
11104153,بوكس خشب - 200,200.00
11103743,الوفاء كارت رمضان وسط,50.00
11101383,جيفت بلوره دواره مضيئه وسط 270,270.00
11102445,جيفت ستيتش مجات ستاند 400,400.00
1110773,جيفت بوكيه ورد ابيض,550.00
11101941,جيفت بوكس اسود ورد & قلب 6-250,250.00
1110623,جيفت بطوط فرو دبدوب 35 سم,300.00
1110604,جيفت شنطه هدايا ربع 1 ق - 20,20.00
11101179,جيفت ميني هاي ليتر 5*1 - 65,65.00
11103192,جيفت ستيتش نايم وسط - 500,500.00
11103690,رمضان فانوس دهبى - 300,300.00
11101553,جيفت بوكس مدور سيلفر 4 - 150,150.00
11101544,جيفت بوكس اسود * بيج كبير - 80,80.00
1110549,جيفت بوكس شمواه - كبير,300.00
1110565,جيفت زجاجه مياه ملونه 1000 مل,140.00
22244419,شمع مركب كبير,450.00
11102153,لعبه سبايدر & سوبر & باتمان 81 - 50,50.00
1110548,جيفت بوكس شمواه - وسط,250.00
22244420,شمع دبدوب ابيض,120.00
11103648,رمضان فانوس بوجى & طمطم - 1000,890.00
11101387,جيفت مج بورسلين لوتسو & شاليموه 250,250.00
1110963,جيفت ميداليه بطه & اشكال - 100,100.00
11103646,رمضان فانوس كلوب كبير - 1950,"1,950.00"
11101360,جيفت ساعه رمليه 185,185.00
1110751,جيفت دبدوب نمور,120.00
1110858,جيفت بوكس شباك وسط - 80,80.00
11104154,كارت كبير + طرف - 60,60.00
11103857,جيفت بونبونايه عيد - 50,50.00
11110608,جيفت نوت بوك مغناطيس انواع - 140,140.00
11104260,فراشه العيد - 250,250.00
11103652,رمضان فانوس اكليرك - 100,100.00
1110554,جيفت بوكس S -G فيونكه - وسط 70,70.00
11101444,جيفت ستيكي نوت 25,25.00
11102162,لعبه عربيه سبيد كار 53 - 150,150.00
1110769,فريرو روشيه 1 ق,20.00
11103759,رمضان فانوس فنانيس كبير -2200,"2,200.00"
1110552,جيفت بوكس درج - 250,250.00
1110754,جيفت بالونات كيس ازرق 100 ق,90.00
11102319,جيفت مج سحابه & بقره - 375,375.00
800,جيفت تفاحه خاتم - 800,800.00
11103691,رمضان فانوس دهبى كبير & مغناطيس - 1000,890.00
11101589,ايفينت شجره 39,39.00
11101294,جيفت مج غطاء 220,220.00
11101936,جيفت بوكس اسود ورد & قلب 1- 25,25.00
1110600,جيفت لاف مج ايس بالشاليموه 1 ق,200.00
11102536,جيفت دباديب ديزني - 400,400.00
11102535,جيفت دباديب اشكال - 600,600.00
11101545,جيفت اخطبوط وشين كبير 150,150.00
11102221,جيفت كارت اشكال العيد خشب - 30,30.00
1110957,جيفت جود مورنينج كوب 65,65.00
22244417,شمع يقطين كبير,400.00
5290107761811,جيفت شموع مضيئه 10 ق,35.00
11101260,جيفت كورتي البعبع وسط 250,250.00
1110543,جيفت بوكس ثماني 5 - 100,80.00
11101575,جيفت بوكس احمر 7-10,70.00
11101965,جيفت دبدوب احمر قبعه - 400,400.00
1110603,جيفت مج توم & جيري 1 ق,150.00
6972356808583,جيفت نوت بوك مغناطيس انواع - 140,140.00
1110869,جيفت زجاجه مياه باندا الوان 80,80.00
11101542,جيفت بوكس اسود * بيج - ص 30,30.00
11103761,رمضان فانوس فنانيس وسط - 1400,"1,400.00"
11103772,رمضان فانوس دهبي طويل - 250,250.00
1110595,جيفت هابي بيرث داي حروف بالونات,65.00
22244423,شمع بولة كريسماس صغيرة,250.00
11102149,كارت العيد - 30,30.00
11103760,رمضان فانوس فنانيس وسط - 1600,"1,600.00"
1110975,جيفت ستيتش كوره مضيئه 120,120.00
11101630,جيفت برطمان حبوب 60,60.00
1110766,جيفت قاروره ستيتش 1 ق,220.00
11102327,جيفت باندا وبنتها & شلبي 650,650.00
1110624,جيفت لوتسو فرو كبير 1 ق,300.00
11103940,عروسه برنسيس ليو - 400,400.00
1110627,جيفت مج دبدوب بمعلقه 1 ق - 325,325.00
11102013,رمضان فانوس بلوره - 250,250.00
11101573,جيفت بوكس احمر 5-10,50.00
11101745,جيفت بوكس بيانو - 50,50.00
1110958,جيفت قلم هاي ليتر 25,25.00
11102678,بوكس جلد مربع مقاس 2 - 300,300.00
11103838,جيفت زجاجه رسايل طويله - 70,70.00
11101578,جيفت بوكس احمر 10-10,100.00
11101414,جيفت مج كوره بعبع & ستيتش 350,350.00
11101743,جيفت استيتش & بطوط ابو الخدود - 450,450.00
6936009700303,جيفت نوت بوك مغناطيس كرتون & قلم - 200,200.00
1110602,جيفت مج ستيتش بمعلقه 1 ق - 325,325.00
11101742,جيفت دبدوب احمر كوفيه ص - 120,120.00
11103741,الوفاء رمضان شنطه كرافت كبير,100.00
11102161,لعبه سمكه عربيه 85 - 100,100.00
2224448,شمعة وردة,100.00
11103188,جيفت كورتي البعبع كبير - 350,350.00
11101567,جيفت بوكس احمر ساده 3 - 40,40.00
11104073,شنطه مستحضرات تجميل ك - 550,550.00
5555,جيفت بوكس اسود مدور - 5 - 350,350.00
1110765,جيفت دبدوب ستيتش قلب & بطوط - 350,350.00
11101753,جيفت زجاجه & شاليموه معدن - 350,350.00
1110587,جيفت شموع قلوب & نجوم,30.00
1110753,جيفت بالونات كيس باندا 100 ق,120.00
1110970,جيفت دبدوب ستيتش واقف & قاعد 350,350.00
1110863,جيفت بوكس سداسي 4,70.00
222,جيفت بالونات صغيره 1 ق,5.00
11103672,تيرا جار وسط - 500,500.00
11101549,جيفت دباديب ديزني كبيره 250,250.00
1110614,جيفت ميداليه محلي 1 ق 40,40.00
11101571,جيفت بوكس احمر 3-10,30.00
11101995,رمضان بكار & بسنت عرائس -200,200.00
1110752,جيفت بالونات كيس كروم 50 ق,85.00
11101393,جيفت مج بورش & لامبورجيني 325,325.00
11104123,شنطه عيد كرتون - 60,60.00
1110573,جيفت بسيط & دباديب مسطره - 200,200.00
11102386,جيفت كوب زجاج صغير اشكال - 40,40.00
11104119,اشكال خروف ستك - 30,30.00
1110559,جيفت بوكس سداسي - ص,35.00
1110857,جيفت بوكس شباك صغير - 60,60.00
1110951,جيفت اباجوره 200,200.00
11101548,جيفت نيمو سمكه 100,100.00
6923170583163,جيفت كارت هدايا 1 ق,10.00
101,جيفت تريكو ميداليات - 1 ق - 150,150.00
1110964,جيفت ميداليه بطاطس & برجر 75,75.00
11101577,جيفت بوكس احمر & ساده 9-10,90.00
1110563,جيفت ورده مضيئه,220.00
1110558,جيفت بوكس نيون - كبير,50.00
1110756,جيفت اباجوره برجر 1 ق,220.00
1110540,جيفت بوكس ثماني 2 - 40,45.00
11102317,جيفت علاقه تليفون اشكال - 130,130.00
1110578,جيفت بومه دبدوب,100.00
11101247,جيفت اقلام - 20,20.00
11102680,بوكس جلد مدور - 400,400.00
1110945,جيفت بوكس اسود فيونكه احمر وسط,50.00
1110712,جيفت بوكس كاندي وسط,310.00
1110772,جيفت بوكيه ميني اشكال 1 ق,50.00
11101361,بوكس قلب كبير 70,70.00
11103662,رمضان فانوس ميداليه معدن - 50,50.00
11101590,ايفينت شجره 164,164.00
11102378,جيفت مج كابلز 2*1 & معلقه - 380,380.00
11101930,جيفت بوكس قلب & ابيض ص - 35,35.00
11101932,جيفت بوكس شكرا - 2,45.00
11103897,جيفت شنطه العيد - 30,30.00
11103661,رمضان شمع الكترونى كبير - 40,40.00
11103649,رمضان هلال كبير - 800,780.00
11103984,تابلوه قلب كبير - 300,300.00
1110969,جيفت دبدوب ستيتش ودان متحركه 450,450.00
11110919,ركن الهدايا دباديب اشكال,0.00
1110967,جيفت دباديب اشكال فرو اولادي 230,230.00
1110625,جيفت مخده سفر للرقبه 1 ق,300.00
11101757,بقره ضاحكه بالشنطه - هندسه,195.00
1110583,جيفت بالونات هليوم مجسمات,50.00
w1,جيفت كروت الوفاء -- 75,75.00
22244418,شمع ورد ابيض,150.00
11104074,جيفت مج بومبيه - 200,200.00
11103695,مصحف منقط - 120,120.00
11102006,رمضان شمعه هلال - 50,50.00
1110562,جيفت شنطه هدايا مستطيل بوكس ميني - 15,15.00
1110959,جيفت اباجوره ميني اشكال 85,85.00
11103674,تيرا كب كيك - 100,100.00
11101938,جيفت بوكس اسود ورد & قلب 3-100,100.00
11101400,مج حراري هندسة,250.00
11102172,جيفت بوكس متحرك 350,350.00
1110953,جيفت اباجوره 165,165.00
300,لوبوبو عروسه محلي - 300,300.00
1110864,جيفت بوكس سداسي 5,120.00
1111,جيفت بوكس اسود مدور - 1 - 150,150.00
11103835,جيفت دباديب اشكال - 500,500.00
22244410,شمعة جار كبير اسود,"1,000.00"
4444,جيفت بوكس اسود مدور - 4 - 300,300.00
11102443,جيفت فلافيللو كبير & سبايدر مان 350,350.00
1110767,جيفت قاروره بوو 1 ق,220.00
11101568,جيفت بوكس احمر ساده 4- 50,50.00
11103187,جيفت يوني كورن كبير - 500,500.00
11101271,جيفت مج 3D ستيتش & اشكال 370,370.00
11101570,جيفت بوكس احمر 2-10,20.00
11101931,جيفت بوكس شكرا - 1,35.00
1110891,جيفت بوكيه جلاكسي روشيه - هندسه,720.00
11103859,تابلوه العيد - 250,250.00
11102078,جيفت بوكس فيونكه الوان - 4,150.00
11101557,جيفت فنجان دبدوب 50,50.00
11102025,رمضان مجات اشكال - 200,200.00
11101962,جيفت مج ستيتش & فلاورز -400,400.00
11103895,بوكس كيندر وسط - 500,500.00
11101942,جيفت بوكس اسود - 7,140.00
1110941,جيفت دبدوب ستيتش لبني كبير 450,450.00
11101391,جيفت ميداليه بيكاتشو & ستيتش لعبه 150,150.00
11103657,رمضان تماره صغيره - 500,500.00
11101999,رمضان بكار & طمطم وسط - 120,120.00
1110759,جيفت مج بلاستيك تمساح 1 ق,145.00
11101574,جيفت بوكس احمر 6-10,60.00
11103771,رمضان فانوس دهبى طويل - 300,300.00
1110889,جيفت مج ذهبي معلقه,350.00
2224446,شمعة وردة بال جار,250.00
1110727,جيفت بوكيه كاندي اخضر,420.00
11101354,جيفت بلوره & مقلمه 300,300.00
1110855,جيفت بوكس مدور وسط 150 J4U,150.00
1110950,جيفت دبدوب فراوله & جزره,250.00
11101997,رمضان فانوس صغير الوان - 40,40.00
1234,جيفت اكسسوارات,10.00
3333,جيفت بوكس اسود مدور - 3 - 250,250.00
1110610,جيفت نوت بوك سلك & باسورد & قفل - 130,130.00
1110742,جيفت شاليموه بايركس 1 ق,35.00
1110606,جيفت شنطه هدايا جامبو - بوكس - 35,35.00
1110572,جيفت فلافيلو دبدوب 175,175.00
6972314640057,خيوط افراح,50.00
25,جيفت ميداليه محليه 1ق 25,25.00
1110557,جيفت بوكس نيون - وسط,40.00
11101555,جيفت شنطه كرافت ورق وسط,50.00
11102683,بوكس جلد قلب صغير - 300,300.00
11101389,جيفت علاقه عربيه اشكال مارفيل 200,200.00
1110854,جيفت بوكس مدور صغير 100 J4U,100.00
22244411,شمعة منينى جار مدور,200.00
11103773,رمضان فانوس دهبى طويل - 350,350.00
11101937,جيفت بوكس اسود ورد & قلب 2- 50,50.00
11102000,رمضان بوكس خشب وسط - 175,175.00
11103190,جيفت كلب لولو - 250,250.00
2224443,شمعه مينى تارت,300.00
1110860,جيفت بوكس سدادسي 1,35.00
22244415,شمعة فواحات دولاب,70.00
6972441330692,جيفت نوت بوك ميني سلك 50,50.00
11102011,رمضان فانوس ايكيا الوان - 100,100.00
11104120,بوكس مستطيل خوص 25 سم - 200,200.00
11101245,جيفت زجاجه رسايل ص 25,25.00
11101243,جيفت منبه اشكال - 350,350.00
11101539,جيفت بوكس نجوم اسود & رباط 3-75,75.00
11101411,جيفت مج غطا مرايا 230,230.00
11101934,جيفت بوكس شكرا - 4,70.00
1110946,جيفت بوكس اسود فيونكه احمر ك,60.00
11102005,رمضان دبدوب متكلم - 230,230.00
11103636,رمضان فنانيس 150,150.00
11103659,رمضان فانوس قطار - 300,300.00
11101269,جيفت زجاجه مياه 600 مل - 160,160.00
2224447,شمعة كاندل ب ورد مجفف,250.00
1110868,جيفت مج ديزني ص,60.00
11102682,بوكس جلد قلب كبير 2 دور - 500,500.00
11101385,جيفت مج بورسلين اشكال - 150,150.00
11103189,جيفت غزاله & كلب صوت - 300,300.00
11102152,لعبه ملاهي نور 91 - 50,50.00
11104152,خروف كروشيه - 100,100.00
1110770,جيفت بوكيه مارشميللو عروسه,450.00
ش ر,جيفت شموع ارقام,15.00
حجاره,رمضان حجاره للفوانيس 1 ق,15.00
1110550,جيفت بوكس كريستاله & ورده,500.00
11101244,جيفت برج ايفل 50,50.00
1110949,جيفت دبدوب مشكل ديزني 1 ق -130,130.00
1110598,جيفت ديزني مجات اشكال 1 ق- 220,220.00
11101396,جيفت دبدوب بيكاتشو & دب بينك 150,150.00
11103651,رمضان فانوس ايكيا - 125,125.00
1110594,جيفت توبر كيك ستيك,15.00
1113399,ميداليه رمضان - 85,85.00
1110744,جيفت زجاجه رياضيه 3 ق,280.00
1110542,جيفت بوكس ثماني 4 - 80,70.00
11103856,جيفت كارت عيد بالون - 25,25.00
1110740,جيفت غاز هيليوم,60.00
11101272,جيفت مج 3D كورتي بعبع & ستيتش 320,320.00
11101587,جيفت كوره كريستال مضيئه صغير 250,250.00
1110758,جيفت اباجوره عامود نور 1 ق,200.00
1110861,جيفت بوكس سداسي 2,40.00
11101586,جيفت كوره كريستال مضيئه وسط 300,300.00
1110561,جيفت بوكس سداسي - كبير,100.00
6972086707187,جيفت نوت بوك باندا & قلم - 110,110.00
11102160,لعبه نحله نور فلاشينج توب 71 - 100,100.00
11103830,جيفت شنط هدايا شفافه - 130,130.00
11102075,جيفت بوكس فيونكه الوان - 1,40.00
1110615,جيفت ميداليه تليفون 1 ق,65.00
11103941,شنطه شفافه يد جلد - 130,130.00
11101569,جيفت بوكس احمر 1-10,10.00
w6,جيفت شنطه الوفاء -- 200,200.00
11101591,ايفينت كونو 82.5,82.50
11101566,جيفت بوكس احمر ساده 2 - 30,30.00
1110621,جيفت مخده شركه المرعبين المحدوده 350,350.00
11101929,جيفت شمعه رقم كبيره 1 ق - 20,20.00
11101963,جيفت دبدوب احمر & منيون وسط - 250,250.00
11102004,رمضان شخصيات كرتونيه متنوعه - 85,85.00
11104113,شمع حلزونى 10 ق - 50,50.00
11101945,جيفت بالونات رمضان 1 ق,25.00
1110709,جيفت بوكيه كاندي بينك - هندسه,400.00
11104267,تيرا جار مانديلا - 250,250.00
11102635,جيفت منبه اشكال كبير - 400,400.00
1110733,جيفت زجاجه مياه اطفال & شاليموه 1 ق,220.00
1110973,جيفت ستيتش قلب كبير & بطوط 500,500.00
11101258,جيفت اخطبوط وشين - 100,100.00
11101412,جيفت شمع روائح كبير - 150,150.00
11102007,رمضان شنط صغيره - 30,30.00
1110948,جيفت دبدوب ستيتش لبني قاعد 350,350.00
1110777,جيفت بوكس نيون & لوتسو,150.00
11101746,جيفت بوكس بيانو - 70,70.00
1110591,جيفت دبل فيس بلالين,10.00
11101998,رمضان شمعه برطمان - 100,100.00
11101572,جيفت بوكس احمر 4-10,40.00
11103861,بوكس كيندر كبير - 600,600.00
11101991,رمضان فانوس بوجي متكلم & متحرك - 650,650.00
11102537,Gift Bar - Flower - 1 pcs,30.00
1110940,جيفت دبدوب لوتسو نايم 200,200.00
11103942,شنطه شفافه - 100,100.00
11104264,تيرا جار - 550 ( sea ),550.00
11103831,بوكس فيونكات - 500,500.00
1820220825189,جيفت نوت بوك اشكال وسط - 150,150.00
11102532,جيفت بارتي بوبر العاب ناريه 50 سم - 80,80.00
11102014,رمضان فانوس جولد ليدات - 470,470.00
11101382,جيفت بلوره دواره مضيئه كبيره 320,320.00
6972105950136,جيفت شمع حلزونى 6 ق,40.00
22244413,شمعة كب كيك,120.00
11103694,مصحف ملون - 100,100.00
11102348,جيفت كوب زجاج ستيتش & بعبع 200 مل - 50,50.00
11103638,بـوكــس مربـع درج - 500,500.00
11103742,الوفاء كارت رمضان صغير,25.00
22244425,شمع بولة كريسماس,400.00
1110731,جيفت زجاجه مياه غطا شاليموه,145.00
11101392,جيفت ميداليه بوك بطه & سائل & بيكاتشو 90,90.00
1110976,جيفت دباديب ديزني - 350,350.00
11101410,جيفت مجات دباديب 3*1 ق - 520,520.00
11104265,تيرا جار الربيع- 400,400.00
11103789,علبه خاتم - 400,400.00
1110760,جيفت دبدوب سبونش بوب 375,375.00
11103770,رمضان فانوس دهبي طـويـل - 350,350.00
11101579,جيفت شجره كريسماس - 150,150.00
1110556,جيفت بوكس نيون - ص,35.00
11101388,جيفت تابلوو مضئ 350,350.00
11103748,جيفت دبدوب فلانتاين صغير - 350,350.00
11103660,رمضان شمع الكترونى صغير - 25,25.00
11102151,جيفت مج سخان - 300,300.00
11104155,جيفت مروحه - 200,200.00
1110626,جيفت مخده سفر للرقبه & نوامه 1 ق -450,450.00
1110590,جيفت شريط هدايا مط,20.00
11101384,جيفت بلوره دواره مضيئه صغيره 150,150.00
11102088,رمضان بوجي وطمطم - 110,110.00
11104122,بوكس مربع خوص 10 سم - 100,100.00
1110539,جيفت بوكس ثماني 1 - 20,20.00
11104070,كارت هدايا 1 ق - 15,15.00
1110538,جيفت بوكس منقط كبير,70.00
1110588,جيفت شموع الوان 6 ق,35.00
1110735,جيفت بلوره مضيئه اميرات وسط 250,250.00
11104117,كاب ستك 1 ق - 50,50.00
11102681,شنطه جلد - 300,300.00
11101992,رمضان فوانيس اكليرك - 350,350.00
11101747,جيفت بوكس بيانو - 130,130.00
11102873,جيفت بوكس اكليرك وسط - 650,650.00
11101448,جيفت بوكس Just for u - كبير 150,150.00
22244421,شمع شجره كريسماس,150.00
1110768,جيفت بوكيه كاندي ازرق & ابيض,650.00
200,جيفت تريكو ميداليات - 1 ق - 200,200.00
11103896,بوكس بونبونايه خشب - 450,450.00
52,ميداليه فانوس صغير اشكال - 15,15.00
11103650,رمضان فانوس دهبى وسط - 300,300.00
11102009,رمضان طمطم عروسه متكلمه - 280,300.00
1110611,جيفت ستيتش نوتي ستيك 1 ق,50.00
11102679,بوكس جلد مربع مقاس 3 - 400,400.00
11103656,رمضان تماره وسط - 750,750.00
1110747,جيفت دباديب ديزني - 300,300.00
11101394,جيفت لعبه فرخه 50,50.00
11103601,جيفت امل كوستر كروشيه - 100,100.00
1110974,جيفت كوره مضيئه ص 80,80.00
1110952,جيفت اباجوره 185,185.00
1110555,جيفت بوكس S-G فيونكه - كبير 100,100.00
1110746,جيفت شنطه 1 ق - 35,35.00
11102010,رمضان فانوس الوان وسط - 125,125.00
1110574,جيفت بوو دبدوب - وسط,120.00
1110575,جيفت دباديب ديزني - 150,150.00
11103635,رمضان دبدوب بكار & طمطم 400,400.00
1110551,جيفت بوكس LOVE شفاف - 800,800.00
11101993,رمضان فوانيس لعبه - 470,470.00
11101585,جيفت كوره كريستال مضيئه كبيره 400,400.00
950,لوبوبو عروسه - 950,950.00
11104118,كلمات تخرج ستك - 40,40.00
11101092,جيفت بوكس علبه 280,280.00
11101540,جيفت بوكس نجوم اسود & رباط 4 - 100,100.00
1110972,جيفت شنطه توم & جيري 300,300.00
11101933,جيفت بوكس شكرا - 3,60.00
1110749,جيفت دباديب ديزني - 200,200.00
1110750,جيفت دبدوب فيل وسط - 300,300.00
1110971,جيفت كيكي & ارنب موف 200,200.00
1110547,جيفت بوكس شمواه - صغير,200.00
11101744,جيفت استيتش & ورده & ابو الخدود - 300,300.00
6281100031017,رنا شطه 100 مل,60.00
6281003170011,ريد روستر شطه 88 ملل,150.00
6281100031031,رنا شطه 474 ملل,120.00
6281100031116,رنا شطه حاره جدا 100 مل,100.00
4823077609084,روشين مالتى كيك ميلك كريم 180 جم,100.00
4823077625626,روشين ويفر بندق 216 جم,120.00
4823077641855,روشين فيزى بوووم 1 كجم,425.00
4823077609077,روشين مالتى كيك كوكا كريم 180 جم,100.00
4823077634345,روشين كروك بكريمه السودانى والكاكاو 1 ك,600.00
4823077646294,روشين لوفيتا كوكيز دارك براونى 152 جم,105.00
4823077641329,روشين ويفر كاكاو 72 جم,50.00
4823077648038,روشين جونى كروكر جوز هند 1ك,680.00
4823077641367,روشين لوفيتا كوكيز كاكاو 127 جم,110.00
4823077639760,روشين مالتي كيك شيري 180 جم,60.00
4823077643798,روشين بيرى بونبون 1 ك,450.00
4823077634246,روشين لوفيتا جيلى كوكيز راسبرى 135 جم,105.00
4823077621635,روشين ويفر ميلك 72 جم,50.00
4823077641312,روشين ويفر كاكاو 216 جم,120.00
4823077633348,روشين لوفيتا كوكيز سودانى 150 جم,105.00
4823077625497,روشين جيلى جالارتكا 1 كجم,700.00
4823077646287,روشين لوفيتا كوكيز بلوند ليمون براونى 152 جم,105.00
4823077604553,روشين اكبليتوس مينتول 1 كجم,360.00
4823077633324,روشين لوفيتا كوكيز كاكاو 150 جم,115.00
4823077605376,روشين كوفى لايك ميلك كوفي كراميل 1 كجم,450.00
4823077634741,روشين كوكيز كيك فراولة 168 جم,110.00
4823077604331,روشين بونبون سيترس 1 كجم,350.00
4823077604294,روشين بيم بووم بونبون 1 كجم,370.00
4823077605215,روشين جيلى فواكه مشكلة 1 كجم,420.00
4823077639777,روشين مالتي كيك بلو بيري كريمي 180 جم,60.00
4823077639753,روشين مالتى كيك فراوله كريم 180 جم,100.00
4823077632112,روشين ويفر كاكاو & ميلك 216 جم,120.00
4823077634277,روشين لوفيتا جيلى كوكيز فراولة 135 جم,110.00
4823077625589,روشين ويفر ميلك 216 جم,120.00
4823077649080,روشين ميلاكسي جوز هند ميلك 1 ك,640.00
4823077621659,روشين ويفر بندق 72 جم,50.00
4823077645976,روشين مالتى كيك جوز هند كريم 180 جم,100.00
4823077635625,روشين جونى كروكر ميلك 1 كجم,680.00
4823077641060,روشين لوفيتا كوكيز سودانى 127 جم,110.00
4823077636004,روشين لوفيتا جيلى كوكيز كوكا شيرى 135 جم,110.00
4823077634192,روشين كيك كوكيز شيرى & فانيليا 168 جم,110.00
4823077629785,بار كاندى نات من روشين 39 جم,30.00
4823077636400,روشين لوفيتا بسكويت ميلك 127 جم,65.00
4823077646270,روشين لوفيتا كوكيز بلوند براونى جوز هند 152 جم,105.00
4823077608810,روشين ميلكي سبلاش 1 كجم,680.00
4823077635588,روشين جونى كروكر شيكولاته 1 ك,680.00
4823077634178,روشين كيك كوكيز تفاح و قرفه 163 جم,110.00
11110630,روشين & داملا & ايبون بالوزن,0.00
80050278,فريرو روشيه 3 ق,75.00
8000500359815,فريرو روشيه 55% دارك بار 90 جم,75.00
4008400141527,فريرو بوكيت كوفي اسبريسو 62.5 جم,90.00
8000500447895,فريرو روشيه 70 % كاكاو بندق 90 جم,250.00
8000500359884,فريرو روشيه وايت بار 90 جم,250.00
8000500359488,فريرو روشيه اورجينال بار 90 جم,250.00
8000500009673,فريرو روشيه 24 ق,700.00
fr1,فانوس فريرو روشيه,80.00
1110885,فريرو رفايللو 15 ق,5.00
8000500037874,فريرو روشيه 16 ق,430.00
8000500359556,رفايللو وايت بار 90 جم,250.00
8000500247150,فريرو روشيه كوليكشن 15 ق,500.00
8000500005026,فريرو روشيه قلب 100 جم,300.00
8000500192801,فريرو روشيه 8 ق,240.00
8000500178669,فريرو روشيه كوليكشن 24 ق,750.00
4000417663214,ريتر سبورت كوفي ديو ميلكي & كرانشي 218 جم,350.00
4000417026002,ريتر سبورت برالين نوجا 100 جم,180.00
4000417222008,ريتر سبورت بندق قطع 100 جم,180.00
4000417013002,ريتر سبورت وايت بندق كامل 100 جم,180.00
4000417663016,ريتر سبورت ديو كريسبي & شوكو 218 جم,350.00
4000417023001,ريتر سبورت لوز كامل 100 جم,180.00
4000417708007,ريتر سبورت دارك لوز كامل 100 جم,180.00
4000417704009,ريتر سبورت لوز عسل مملح 100 جم,180.00
4000417960009,ريتر سبورت دارك شوكليت 70% - 100 جم,180.00
4000417118301,ريتر سبورت ميني 133 جم,170.00
4000417701008,ريتر سبورت وايت بندق كامل 100جم,180.00
4000417028006,ريتر سبورت نعناع 100 جم,180.00
4000417663115,ريتر سبورت فروتي ديو توت 218 جم,350.00
4000417237002,ريتر سبورت فراوله زبادي 100 جم,180.00
4000417025005,ريتر سبورت مارزبين 100 جم,180.00
4000417220004,ريتر سبورت كوكا ويفر 100 جم,180.00
4000417707000,ريتر سبورت كاجو 100 جم,180.00
4000417018007,ريتر سبورت البين ميلك تشوكلت 100 جم,180.00
4000417670915,ريتر سبورت فستق 100 جم,180.00
4000417011008,ريتر سبورت كورن فليكس 100 جم,180.00
4000417214003,ريتر سبورت بسكويت زبده 100 جم,180.00
4000417294005,ريتر سبورت كاكاو موس 100 جم,180.00
4000417019004,ريتر سبورت بندق كامل 100 جم,180.00
4000417292001,ريتر سبورت وايت كريسبي 100 جم,180.00
4000417022004,ريتر سبورت زبيب وبندق 100 جم,180.00
4000417700001,ريتر سبورت ميلك بندق كامل 100 جم,180.00
4000417224002,ريتر سبورت دارك بندق كامل 100 جم,180.00
4000417626011,ريتر سبورت دارك 70 % - 100 جم,180.00
4000417211002,ريتر سبورت كراميل موس 100 جم,180.00
4000417663313,ريتر سبورت ديو براوني & كراميل 218 جم,350.00
4000417271006,ريتر سبورت سالت كراميل 100 جم,180.00
7622202007989,ريتز بسكويت شوكو 91 جم,70.00
8992760211036,ريتز بسكويت اورجينال 3*100 جم,150.00
7622202217630,ريتز بسكويت سويت تشيز 91 جم,75.00
8992760211029,ريتز بسكويت اورجينال 100 جم,85.00
90474750,ريد بول راسبيري 250 مل,65.00
8850228008003,ريدبل زيرو شوجر بوميلو 250 ملل,180.00
90496639,ريد بول وايت خوخ 250 مل,60.00
90454684,ريد بول خوخ 250 مل,65.00
8850228000281,ريد بول اكسترا فيتامين 170 مل,150.00
90435775,ريد بول جوزهند & توت 250 مل,65.00
4895138308557,ريد بل بونبون 22 جم,100.00
90162602,ريد بول اورجينال 250 مل,65.00
90486593,ريد بول فانيليا & توت متلج 250 مل,65.00
8850228007983,ريدبل زيرو شوجر تفاح و عنب 250 مل,180.00
8997028440012,ريدبول نمساوي مستورد,150.00
90424014,ريد بول شوجر فري 250 مل,65.00
6974183556668,ريدبل زيرو شوجر فاكهة العاطفه 325 ملل,200.00
90493416,ريد بل زيرو 250 ملل,65.00
90486111,ريد بول شيري & توت بري 250 مل,65.00
90456190,ريد بول توت اساي 250 مل,65.00
6009680777640,ريد بل بونبون 22 جم,100.00
90456206,ريد بول توت ازرق 250 مل,65.00
6974183557689,ريدبل زيرو شوجر فواكه ميكس 325 ملل,200.00
90457715,ريد بول تين & تفاح 250 مل,65.00
90454103,ريد بول مشمش & فراوله 250 مل,65.00
34000109227,ريسيز بار مكسرات 47 جم,80.00
34000471652,ريسيز مينيز 68 جم,150.00
34000443505,ريسيز x3 كب 46 جم,85.00
34000490066,ريسيز كريسبي كرانشي بار 87 جم,260.00
34000702329,ريسيز فول سوداني 2 كاب 42 جم,70.00
34000443543,ريسيز بار زبده فول سوداني 208 جم,400.00
4014400902518,ريزن توفي 400 جم,320.00
3415201,ريسيز ستيك 42 جم,80.00
34000490356,ريسيز فول سوداني 2 كب 42 جم,70.00
3400500,ريسيز نيترجوس بار 47 جم,110.00
34000252183,ريسيز كراميل كاب 79 جم,80.00
34000461646,كيس ريسيز مينى مارشميلو 250 جم,700.00
34000461660,كيس ريسيز مينى فراولة 250 جم,700.00
6224002148056,ريفيول بروتين بار زبدة فول سودانى 60 جم,60.00
6224002148063,ريفيول بروتين بار شيكولاته بندق 60 جم,60.00
6224002148018,ريفيول بروتين بار دارك شوكليت براونيز 60 جم,60.00
6224002148032,ريفيول بروتين بار فانيليا لوز 60 جم,60.00
6224002148025,ريفيول بروتين بار كريسبى كراميل 60 جم,60.00
9501025219916,ريليش كوكيز بالقهوه والشوفان 6 ق,70.00
9501025209818,ريليش كاجو & لوز 20 ق,5.00
11101048,ريليش كاجو & فستق 20 ق,5.00
11101049,ريليش شيكولاته شيبس 20 ق,10.00
9501025171610,ريليش بسكويت شوفان جوزهند 1 ق,10.00
9501025171719,ريليش بسكويت كوكيز بالقهوه والشوفان 1 ق,10.00
11101047,ريليش دابل شوكلت 12 ق,10.00
9501025223012,ريليش لوز & كاجو 6 ق,70.00
11101051,ريليش كوفي 20 ق,10.00
9501025204417,ريليش بسكويت شوفان جوزهند 6 ق,70.00
9501025177315,ريليش كوكيز شوفان كاجو & لوز 42 جم,10.00
5021778006303,زد لبان ماشين 40 جم,110.00
5011061107534,زد كاندي لبان ماشين 20 جم,75.00
5900353702888,زوزوليه ايس كاندي ليمون 75 جم,50.00
5900353702871,زوزوليه كاندي توت حار 75 جم,50.00
8018440000872,لوليو زيت زيتون بكر 1 لتر,"1,250.00"
8410269133098,قنصل زيت زيتون بكر صفيح 800 مل,650.00
8410269132022,قنصل زيت زيتون بكر زجاج 500 مل,580.00
8410269131001,قنصل زيت زيتون بكر زجاج 250 مل,350.00
6224010103894,بروتين بار دبل تشوكلت 50 جم,30.00
6224001925740,ستيفيا بالكنافة والفسدق 100 جم,120.00
6224010103924,بروتين بار موكا 50 جم,30.00
6224001925368,زيرو ستيفيا دارك شوكلت 75% بندق 85 جم,80.00
6224010103948,بروتين بار براونيز تشوكلت 50 جم,30.00
6224010103870,بروتين بار بالكاجو والكراميل 50 جم,30.00
6224010103887,بروتين بار فواكه بالشكولاته 50 جم,30.00
6224001925573,زيرو ستيفيا دارك شوكلت 45 جم,35.00
111102171,زيرو شيكولاته انواع بالوزن,0.00
6224001925719,زيرو بروتين بار اطفال سوداني 25 جم,25.00
6224001925528,زيرو ستيفيا دارك شوكلت كاجو 85 جم,80.00
6224001925214,بروتين بار لوتس تشيز كيك 70 جم,45.00
6224001925825,بروتين بار بكريمة الفسدق 70 جم,60.00
6224010103023,زيرو بروتين بار موكا 70 جم,45.00
6224001925610,زيرو ستيفيا ميلك كوكيز 45 جم,35.00
6224010103511,واي بروتين ايزولايت بسكويت فانيليا 35 جم,50.00
6224001925191,بروتين بار كراميل بي نات 70 جم,40.00
6224010103368,زيرو بروتين بار دابل شوكليت 70 جم,45.00
6224010103047,زيرو بروتين بار كوكيز & كريم 70 جم,45.00
6224003818064,زيرو ستيفيا ميلك شوكلت & جوزهند 85 جم,80.00
6224003818088,زيرو ستيفيا دارك شوكليت & جوزهند 85 جم,80.00
6224001925320,زيرو ستيفيا دارك شوكلت 85% - 85 جم,80.00
6224003814363,زيرو ستيفيا وايت شوكليت بستاشيو 85 جم,80.00
6224010103115,زيرو بروتين بار كراميل كريسب 70 جم,45.00
6224001925900,زيرو دبي سبريد شوكو & فستق 300 جم,300.00
6224001925559,زيرو ستيفيا دارك شوكلت لوز & توت 85 جم,80.00
6224003818071,زيرو ستيفيا دارك شوكليت & بلح 85 جم,80.00
6224010103863,بروتين بار ايسكريم توت & وايت تشوكليت 50 جم,30.00
6224003814301,زيرو ستيفيا دارك شوكليت كاكاو 85 جم,80.00
6224010103917,بروتين بار كراميل 50 جم,30.00
6224001925351,زيرو ستيفيا دارك واي بروتين 85 جم,80.00
6224003814356,زيرو ستيفيا ميلك شوكليت بستاشيو 85 جم,80.00
6224010103030,زيرو بروتين بار فراوله 70 جم,45.00
6224010103016,زيرو بروتين بار شوكليت براوني 70 جم,45.00
6224001925849,زيرو بندق سبريد 300 جم,280.00
6224001925337,زيرو ستيفيا دارك شوكلت 95% - 85 جم,80.00
6224003818019,زيرو بروتين بار بستاشيو سبريد 70 جم,55.00
6224001925566,زيرو ستيفيا وايت شوكلت فراوله 85 جم,80.00
6224003814332,زيرو ستيفيا ميلك شوكليت بندق 85 جم,80.00
6224003814318,زيرو ستيفيا دارك شوكليت 99 % 85 جم,80.00
6224001925313,زيرو ستيفيا دارك شوكلت 75% - 85 جم,80.00
6224001925580,زيرو ستيفيا دارك شوكليت بندق 45 جم,35.00
6224003814349,زيرو ستيفيا ميلك شوكليت لوز 85 جم,80.00
6224001925603,زيرو ستيفيا ميلك شوكليت 45 جم,35.00
6224003814325,زيرو ستيفيا ميلك شوكليت 85 جم,80.00
6224001925535,زيرو ستيفيا دارك شوكليت بندق كامل 85 جم,80.00
6224001925344,زيرو ستيفيا دارك كوفي 85 جم,80.00
6224001925375,زيرو ستيفيا دارك لوز 85 جم,80.00
6224001925818,زيرو ميلك شوكلت جوزهند & كنافه 100 جم,80.00
6224003814370,زيرو ستيفيا ميلك شوكليت فرنش كوفى 85 جم,80.00
6224010103900,بروتين بار بسكويت بالفانيليا 50 جم,30.00
6224010103856,بروتين بار بيناكولدا & وايت تشوكلت 50 جم,30.00
6224003814387,زيرو ستيفيا ميلك شوكليت كاجو 85 جم,80.00
6224010103498,واي بروتين ايزولايت فراولة 35 جم,50.00
6224001925597,زيرو ستيفيا دارك شوكليت كاجو 45 جم,35.00
8699462609924,ليكسيز شيكولاته هارت 110 جم,80.00
6224001925221,بروتين بار كوكيز & كريم والوايت تشوكلت 70 جم,40.00
6224001925542,زيرو ستيفيا دارك شوكلت فستق 85 جم,80.00
6224003818040,زيرو بروتين بار ميلتي فول سوداني 70 جم,55.00
6224003818033,زيرو بروتين بار ميلتي كريمه بندق 70 جم,55.00
6224001925207,بروتين بار تشوكلت سنداي 70 جم,40.00
6224003818057,زيرو ستيفيا ميلك شوكليت & بلح 85 جم,80.00
6224001925627,زيرو ستيفيا ميلك فول سوداني 45 جم,35.00
6224010103504,واي بروتين ايزولايت تشوكلت 35 جم,50.00
6931722320210,كاندي مسدس مصاصه 10 جم,90.00
6224002945259,زيك زاك سوداني طماطم 60 جم,15.00
6224002945242,زيك زاك سوداني باربكيو 60 جم,15.00
6224002945235,زيك زاك سوداني جبنه 60 جم,15.00
6224002945228,زيك زاك سوداني شطه وليمون 60 جم,15.00
8001060005273,ساكلا بيستو تسبيكه بالجرجير والريحان 190 جم,180.00
8001060001503,ساكلا بصل مخلل 300 جم,150.00
8001060008427,ساكلا بالطماطم الشيري مع البارميجانو ريجانو 350 جم,230.00
8001060008410,ساكلا صوص طماطم شيري خضار 350 جم,60.00
8001060001466,ساكلا زيتون اخضر مخلي 290 جم,150.00
8001060001763,ساكلا بيستو بالباذنجان والثوم 190 جم,230.00
8001060024823,ساكلا صوص فيجان توميتو بيستو 190 جم,180.00
8001060008403,ساكلا طماطم شيري & شيلي 350 جم,100.00
8001060006256,ساكلا بيستو كسبره & فلفل احمر 190 جم,180.00
8001060006782,ساكلا صوص فلفل حار & موتزريلا 190 جم,100.00
8001620022726,سان بنديتو مياه غير مكربنة 500 مل,40.00
8001620003220,سان بنديتو مياه مكربنه زجاج 500 مل,80.00
80021926,سان بنديتو مياه مكربنه زجاج 250 مل,65.00
8001620022733,سان بنديتو مياه مكربنة 500 مل,45.00
6222004102229,تشويس ورق عنب محشي 400 جم,150.00
8690804410505,صنتات كونسروه ورق عنب 400 جم,100.00
8002270736803,سانبليكرنو برتقال مر 330 مل,65.00
8002270001956,سانبليكرنو مياه 750 مل,85.00
8002270726798,سانبليكرنو ليموناده 330 مل,65.00
8002270706806,سانبليكرنو برتقال تشينو 330 مل,75.00
8002270756795,سانبليكرنو برتقال 330 مل,65.00
8002270426902,سانبليكرينو برتقال تشينو زيرو 330 ملل,75.00
5900617014665,سانتي رايس كيك ملح الهيمالايا 110 جم,65.00
5900617042255,سانتي جرانولا جولد براوني & كريز 300 جم,185.00
5900617037176,سانتي جرانولا جولد شيكولاته & برتقال 300 جم,185.00
5900617031969,سانتي كورن كيك طبيعي 120 جم,65.00
5900617002969,سانتي جرانولا فواكهه 350 جم,155.00
5900617002228,سانتي كرانشي كلاسيك 350 جم,125.00
5900617037152,سانتي جرانولا جولد مكسرات & عسل 300 جم,185.00
5900617002266,سانتي موسلي زبيب & لوز 350 جم,125.00
5900617002211,سانتي كرانشي فواكهه 350 جم,155.00
5900617014658,سانتي رايز كيك طبيعي 110 جم,65.00
5900617002617,سانتي كرانشي شيكولاته & موز 350 جم,155.00
5900617002099,سانتي موسلي فواكهه استوائيه 350 مل,140.00
5900617002983,سانتي جرانولا شوكليت 350 جم,155.00
8850632603689,ساور بانك كولا 40 جم,30.00
6224002781031,بيبيتو ساور ستيكس بطيخ 30 جم,10.00
8850632600695,ساور بانك تفاح 40 جم,30.00
41364087924,ساور بانش راينبو 57 جم,70.00
8850632603658,ساور بانك بلو بيري 40 جم,30.00
6224002781017,بيبيتو ساور ستيكس فراوله 30 جم,10.00
8850632606819,ساور بانك توت بري 40 جم,30.00
8850632600367,ساور بانك كولا 40 جم,30.00
6224002781024,بيبيتو ساور ستيكس كولا 30 جم,10.00
8850632605928,ساور بانك تفاح 20 جم,25.00
8850632605904,ساور بانك بلوبيري 20 جم,25.00
6224002781055,بيبيتو ساور ستيكس تفاح 30 جم,10.00
6224002781048,بيبيتو ساور ستيكس فواكه مشكله 30 جم,10.00
41364080536,ساور بانش فراوله 57 جم,70.00
6223014790987,ساور فرينزي هارد كاندي 16 ق,30.00
7622210796851,ساور باتش بطيخ 40 جم,30.00
6223014790970,ساور فرينزي بلوبيري 5 ق,7.00
6191402903595,فنواز كريمه البندق بيضاء 330 جم,300.00
4003084843040,ترولي ساور فرايز كاندي 22 جم,20.00
6223014790949,ساور فرينزي ليمون 5 ق,7.00
5011061107022,سكروميرز ساور ديب & ليك 15 جم,25.00
8850632602071,ساور بانك بلوبيري 40 جم,30.00
8850632603566,ساور بانك فراوله 40 جم,30.00
8850632603597,ساور بانك تفاح 40 جم,30.00
6223014790963,ساور فرينزي تفاح اخضر 5 ق,7.00
6223014790956,ساور فرينزي كولا 5 ق,7.00
41364080512,ساور بانش بلو رازبيري 57 جم,70.00
7622210442802,ساور باتش فواكهه مشكله كيدز 40 جم,30.00
6225000381636,سبيرو سباتس اناناس 330 مل,12.00
6224001998584,سبيرو سباتس كولا 330 مل,15.00
6225000381667,سبيرو سباتس خوخ 330 مل,12.00
6225000381681,سبيرو سباتس صودا ليمون 330 مل,12.00
7613036984379,ستاربكس كبسولات كولومبيا,380.00
7613037280746,كبسولات ستارابكس سوماترا,350.00
8445291452657,كبسولات ستار باكس ريستريتو شوت 10 ق,450.00
7613036961783,كبسولات ستاربكس بايك بلاس -7,450.00
8445290154422,كبسولات ستارباكس سموزي كراميل - 5,450.00
7613287302113,كبسولات ستار باكس ايطاليان ستايل روست 10 ق,450.00
7613287855541,ستاربكس كبسولات جواتيمالا 10 ق,150.00
7613036932172,ستار باكس اسبريسو دارك روست 200 جم,400.00
7613287186928,ستار باكس كبسولات بريك فاست 10 ق,380.00
8445290154507,كبسولات ستار باكس كراميل - انتنسي 5 - 10 ق,230.00
7613287855640,كبسولات ستاربكس غواتمالا - 5,380.00
7630477891677,ستار باكس كبسولات بيك بلاس 10 ق,450.00
7613287855589,كبسولات ستارباكس جواتمالا,350.00
7613036984478,ستاربكـس كبسولات اسـبرسو روسـت,380.00
7613036957106,ستاربكس كبسولات هاوس بليند لونجو 57 جم,380.00
8445290156167,كبسولات ستارباكس كراميل فانيليا,350.00
7630477891691,ستار باكس كولومبيا 10 ق,380.00
7630477891714,ستار باكس كبسولات اسبريسو 10 ق,450.00
762111622853,ستاربكس ايطاليان روست بودر 340 جم,800.00
8445290154804,ستار باكس كبسولات كراميل سموس 10 ق,380.00
8445290156457,ستاربكس كبسولات كريمى فانيليا 5,440.00
8445291452749,ستاربكس ريسترتو شوت 11,380.00
11102429,كبسولات ستار باكس كراميل - انتنسي 5 - 10 ق,450.00
7613036984492,كبسولات ستاربكس بايك بلاس -7,380.00
7613037301793,كبسولات ستاراكس بلوند روست,380.00
7630477891592,ستار باكس هاوس بلند لانجو 10 ق,450.00
8445290156075,ستار باكس كبسولات فانيليا كريمي - 5,450.00
7613037280487,كبسول ستاربكس بايك بليس,380.00
7613036961707,ستار باكس كبسولات كولومبيا - 7,450.00
7613036961868,ستاربكس كبسولات اسبريسيو ديكاف 10 ق,250.00
7613036961806,ستارباكس كبسولات بيك بلايس 10 ق,350.00
7613287302137,ستار باكس كبسولات ايطاليان روست 10 ق,230.00
8445290154552,ستارباكس كبسولات كراميل 10 ق,255.00
7613036961721,ستار باكس كبسولات سينجل كولمبيا 10 ق,350.00
7613037273908,ستار باكس كبسولات ريستريتو فيرونا 10 ق,380.00
7613287186867,كبسولات ستارباكس بريك فست بلاند,380.00
7613036961608,ستار باكس كبسولات اسبريسو روست 10 ق,350.00
8445290154712,كبسولات ستارباكس سموزي كراميل - 5,380.00
7630311507016,كبسولات ستاربكس صنى داي بلند - 5,380.00
7613287186805,كبسولات ستاربكس بريك فاست بليند - 7,450.00
7613037290967,كبسولات ستارابكس كلومبيا,380.00
7613287598998,ستاربكس شوكليت سجليتشر 330 جم,650.00
7613036959087,ستار باكس كبسولات سينجل ساموترا 10 ق,380.00
7630477891639,ستار باكس كبسولات فيرونا 10 ق,450.00
7630311506897,ستار باكس كبسولات صني داي بليند - 5,440.00
7613036984515,كبسولات ستارباكس اسبريسو روست 10 ق,230.00
7613036984379,ستاربكس كبسولات كولومبيا,380.00
7613287186829,ستارباكس كبسولات بريك فاست - 7 انتن - 10 ق,350.00
7613036961660,ستار باكس كبسولات أسبريسو روست 10 ق,230.00
7630477891738,ستاربكس كبسولات اسبرسو روست 6,450.00
7613036959001,ستار باكس كبسولات ريستريتو فيرونا 10 ق,350.00
7613287302373,ستار باكس كبسولات ايطاليان 10 ق,380.00
7613036957120,ستار باكس كبسولات لانجو 10 ق,230.00
7613036984393,كبسولات ستاربكس هاوس بلند لونج - 8,380.00
8684207810314,سفن ستيك اسنان 80 جم,30.00
8684207811588,سفن ستيك فروت جاردن 80 جم,30.00
8684207810222,سفن استيك وارمز 80 جم,30.00
8684207810048,سفن ستيك بيرز 80 جم,30.00
8684207810499,سفن ستيك كولا 80 جم,30.00
5285000911203,ستيفانا بديل سكر 2.5 جم * 50 ق,220.00
4066447477337,ميفوليس سكر دايت الماني 1200 ق,300.00
5285000910572,ستيفانا بديل سكر 200 جم,450.00
5285000910237,ستيفانا بديل سكر 1.5 جم * 25 ظرف,120.00
6772504535824,سكر دايت عرض 2*1 - 48 ق,140.00
5285000915119,ستيفانا بديل سكر 100 ظرف + مج هديه,400.00
4021155162265,اقراص سكر سوكوفين 1200 قرص,300.00
6224002300072,سموتشي مانجو & باشون فروت 192 جم,240.00
6224002300058,سموتشي كراميل 192 جم,190.00
6224002300089,سموتشي بوب كورن 192 جم,190.00
6224002300126,سموتشى كراميل موتشي ايس كريم 64 جم,75.00
6224002300096,سموتشي مانجو عويس 2 ق,75.00
6224002300157,سموتشي سبانش لاتيه 192 جم,240.00
6224002300119,سموتشى فانليا نوتشي ايس كريم 64 جم,75.00
6224002300102,سموتشي شوكليت 2 ق,75.00
795697032068,سناك ديب جريل تشيكن سبايسي 170 جم,80.00
795697032051,سناك ديب جريل تشيكن عسل باربكيو 170 جم,80.00
795697032075,سناك ديب جريل تشيكن سويت شيل 170 جم,80.00
9556345007484,مياو مياو مقرمشات 60 جم,100.00
9556345008573,مياو مياو مقرمشات بالجمبري 60 جم,100.00
3800225340083,فري ماس باربكيو 30 جم,25.00
5706516011671,بوبز فشار ميكرويف جبنه 85 جم,70.00
9556345280108,مياو مياو مقرمشات جمبري حار 60 جم,100.00
3800225340441,فري ماس اورجينال 30 جم,25.00
5706516011633,بوبز فشار ميكرويف سويت & سالتي 85 جم,70.00
3800225340489,فري ماس ساور كريم & شبت 30 جم,25.00
5706516011657,بوبز فشار ميكرويف زبده 90 جم,70.00
3800225340502,فري ماس فراخ 30 جم,25.00
5706516011640,بوبز فشار ميكرويف ملح 90 جم,70.00
3800225340434,فري ماس جبنه & بصل 30 جم,25.00
50166084,سنيكرز ميني 18 جم,15.00
6221134010756,سنيكرز ويفر رولز 1 ق,7.00
5060122036849,سنيكرز مشروب 350 مل,50.00
5000159558914,سنيكرز مينتشيرز 150 جم,225.00
7896423487657,سنيكرز 30 جم,25.00
5056357905593,سنيكرز فروت & نات 4 * 32 جم,200.00
6221134011951,سنيكرز 45 جم 4+1,160.00
6221134010619,سنيكرز ويفر رولز 2 ق,12.00
4011100037915,سنيكرز مينتشرز 150 جم,220.00
6773505590232,سو بلاس مانجو 48 مل,80.00
6773505590218,سو بلاس ساور 48 مل,80.00
6773505590195,سو بلاس ليمون نعناع 48 مل,80.00
6773505590201,سو بلاس بطيخ 48 مل,80.00
6773505590300,سو بلاس زنجبيل 48 مل,80.00
6773505590188,سو بلاس عنب احمر 48 مل,80.00
6773505590065,سو بلاس بلوبيري 48 مل,80.00
6773505590072,سو بلاس فراوله 48 مل,80.00
6251897000886,سوبر تمر هندي 250 مل,25.00
6251897000398,سوبر بطيخ 250 مل,25.00
6251897001074,سوبر مياه غازيه 250 مل,30.00
6251897000756,سوبر موهيتو 250 مل,25.00
6251897000879,سوبر موهيتو زيرو شوجر 250 مل,25.00
6251897000404,سوبر رمان 250 مل,25.00
6251897000824,سوبر توتي فروتي زيرو شوجر 250 مل,25.00
6251897000749,سوبر بلوبيري 250 مل,25.00
6251897000671,سوبر بابل جم 250 مل,25.00
6254000067646,سوبر توتي فروتي 250 مل,25.00
6224010205581,سويس فرو شيكولاته دارك فسدق 80 جم,75.00
6224010205598,سويس فرو شيكولاته ميلك بالفسدق 80 جم,75.00
6224010205925,سويس فرو شيكولاته وايت ليمون كريسب 80 جم,75.00
6224010205406,سويس فرو شيكولاته لوز & توت بري 80 جم,75.00
6224010205888,سويس فرو شيكولاته ميلك كوكيز 80 جم,75.00
6224001733109,سويس فرو بالكنافه موس 150 جم,150.00
6224010205871,سويس فرو شيكولاته ميلك فراوله 80 جم,75.00
6224010205796,سويس فرو شيكولاته لوز زيرو شوجر 80 جم,75.00
6224010205802,سويس فرو شيكولاته دارك لوز 80 جم,75.00
6224010205932,سويس فرو شيكولاته وايت جوزهند 80 جم,75.00
6224010205918,سويس فرو شيكولاته دارك نعناع 80 جم,75.00
6224010205413,سويس فرو شيكولاته وايت لوز & توت 80 جم,75.00
6224010205543,سويس فرو شيكولاته 75 % دارك 80 جم,75.00
6224010205604,سويس فرو شيكولاته دارك اسبريسو 80 جم,75.00
6224001733086,سويس فرو بالكنافه بلوند 160 جم,160.00
6224010205659,سويس فرو شيكولاته 55% دارك 80 جم,75.00
6224010205789,سويس فرو شيكولاته 75% دارك زيرو شوجر 80 جم,75.00
6224010205024,سويس فرو شيكولاته ميلك 80 جم,75.00
6224010205864,سويس فرو شيكولاته وايت فراوله 80 جم,75.00
6224001733079,سويس فرو بالكنافه ميلك 150 جم,160.00
4791082099162,شاى كرك زنجبيل 20جم,20.00
6251897990071,ايس كرك مسالا 250 مل,80.00
6251897990064,ايس كرك هال 250 مل,80.00
4791082099131,شاى كرك زعفران 20 جم,20.00
8908000339378,شاي كرك هيل غير محلي 20 جم,25.00
4791082099148,شاى كرك مسالا 20 جم,20.00
4791082101209,شاى كرك هيل لايت 14 جم,20.00
4791082099155,شاى كرك هيل 20 جم,20.00
8908000339446,شاي كرك ساده 20 جم,25.00
4791082099124,شاى كرك اسود 20جم,20.00
8908000339323,شاي كرك هيل 20 جم,25.00
8908000339385,شاي كرك زعفران 20 جم,25.00
11110647,شمج توفي بولندي بالوزن,0.00
6297000141145,شمج توفي فانيليا 900 جم,350.00
4000607854705,شوجتين شيكولاته فراوله 100 جم,140.00
4000607852008,شوجتين شيكولاته دارك 100 جم,140.00
4000607851001,شوجتين شيكولاته بندق 100 جم,140.00
6225000399013,كاى شوفان كابتشينو بالبندق 300 جم,75.00
6225000346970,كاى شوفان فراولة 300 جم,75.00
6223000228692,كلاس ايه رقائق الشوفان 500 جم,60.00
6253361249609,شوكو ليك دايموند بيسكو كريم 450 جم,500.00
6253361256430,شوكو ليك دايموند تويست كنافه نكهات 400 جم,475.00
6253361240774,شوكو ليك دارك بندق & لوز 200 جم,250.00
6253361240798,شوكو ليك ميلك بستاشيو 200 جم,250.00
6253361253316,شوكو ليك ميلك بونيللو 180 جم,180.00
6253361250711,شوكو ليك كنافه بستاشيو 650 جم,700.00
6253361248299,شوكو ليك كنافه بستاشيو 60 جم,100.00
6253361253309,شوكو ليك ميلك فستق حلبى 180 جم,200.00
6253361244413,شوكو ليك كنافه بستاشيو 180 جم,200.00
111102586,شوكو ليك شيكولاته انواع بالوزن,0.00
6253361249616,شوكو ليك ميلك بونيللو 450 جم,500.00
6253361244444,شوكو ليك دارك بندق & لوز 180 جم,180.00
6253361250209,شوكو ليك كنافه بونيللو 650 جم,700.00
6253361253323,شوكو ليك ميلك شوكليت بيسكو كريم 180 جم,180.00
6253361243058,شوكو ليك تويست كريمي بولز 450 جم,500.00
6253361243041,شوكو ليك ميلك شوكليت بولز 180 جم,180.00
6253361249029,شوكو ليك كنافه بستاشيو 190 جم,250.00
6253361244390,شوكو ليك ميلك سبشيولس 180 جم,180.00
6253361242341,شوكو ليك كرات الشيكولاته 400 جم,550.00
6253361244871,شوكو ليك ميلك كريمي بولز 650 جم,700.00
6253361244383,شوكو ليك ميلك كوكيز & كريم 180 جم,180.00
6253361240866,شوكو ليك ميلك بولز 200 جم,250.00
6221134031928,فانوس ميكس 22.5 جم,60.00
11103977,شيكولاته دايم 1 ق,15.00
5201057005696,شيكولاته بافليدوس لوز 100 جم,100.00
6221134031904,فانوس فلوتس 22.5 جم,60.00
7622210124166,شيكولاته لاكتا ساندوتش بسكويت 87 جم,100.00
8680679370172,شيكولاته دبى بستاشيو 100 جم,220.00
0.25,ليون ميني 1 ق,25.00
8690632767888,داماك بسكويت دارك فستق 30 جم,120.00
6224011141499,شوكولا اسبريد اسماكب فراوله 350 جم,125.00
6224011141543,شوكولا اسبريد اسماكب فول سودانى 350 جم,125.00
5056357904923,ميلك واي بيسكت كوكيز 108 جم,150.00
6224011141321,شوكولا اسبريد اسماكب فراولة 200 جم,55.00
5000159604222,مالتيزر بار 100 جم,220.00
6224011141703,شوكولا اسبريد اسماكب فول سودانى 200 جم,70.00
6225000475366,فوكس شيكولاته كنافه بالكيندر,50.00
11104221,شيكولاته بافليدوس سادة 100 جم,100.00
7622300494537,شيكولاته بافليدوس كريمة الكاكاو 100 جم,100.00
7622201680121,كادبورى دارى ميلك كراميل 180 جم,350.00
6132500710388,المرجان كريمه البندق مع الكاكاو 350 جم,450.00
8690632994086,داماك شيكولاته مكسرات 60 جرام,125.00
6224011141260,شوكولا اسبريد اسماكب رافايللو 200 جم,55.00
7310511803001,دايم شيكولاته 28 جم,70.00
7622400010811,شيكولاته بافليدوس بندق 100 جم,100.00
4605504515188,الونكا شيكولاته 15 جم,40.00
721688550211,اسماكب بالكنافة والفستق 145 جم,140.00
6253361248039,شوكو ليك شوكو كنافه فستق حلبي 450 جم,525.00
6224011141239,شوكولا اسبريد اسماكب كريمة البندق 200 جم,100.00
6225000475335,فوكس شيكولاته كنافه فستق 160 جم,250.00
4600080294250,الونكا شيكولاته ميلك + كالسيوم 75 جم,250.00
726529103885,اسماكب شوكولا اسبريد جوود جو كريمة الكاكاو 900 جم,150.00
6224011141871,شوكولا اسبريد اسماكب بيضاء بالاوريو 200 جم,60.00
34000461622,ريسيز كب بالمارشميلو 39 جم,130.00
1230000168045,مستر بيست ميلك شوكليت 60 جم,280.00
7622202363771,كادبورى ويفر رول 2 ق,12.00
4335619100947,فاين كير شيكولاته كاجو مملح 100 جم,160.00
6224011141420,شوكولا اسبريد اسماكب بيضاء 350 جم,125.00
20005825,فاين كير شيكولاته ميلك 100 جم,160.00
7622300476236,دايم شيكولاته 3*28 جم,320.00
5012501010094,شيكولاته ايون بالحليب,100.00
6224007819319,مولكي كوتن كاندي فستق فراوله 170 جم,150.00
6223016750347,ريستاشيو شوكلت 50 جم,30.00
7622210337726,دايم شيكولاته 3 * 28 جم,200.00
5000159569989,سيليبريشن مينيز 196 جم,275.00
6132516860060,ماروخا شيكولاته لوز 150 جم,100.00
1230000168007,مستر بيست شوكليت ميلك كرانشي 60 جم,280.00
726529606683,فوكس لابوبو فسدق 75 جم,100.00
721688459606,حشوة دبي بالفسدق اسماكب 500 جم,225.00
9556995203717,ويفر وايت كاسل بندق 100 جم,100.00
6,شيكو هند 1 ق,6.00
7622400928604,دايم 26 ق 200 جم,450.00
8682213102133,شيكولاته جوفين دارك كوكيز 50 جم,100.00
8697288519113,شيكولاته جوفين اسبرسو 50 جم,100.00
6225000475373,فوكس شيكولاته كنافه لوتس 160 جم,50.00
6224003116047,ريتش واي شيكولاته دبي 150 جم,140.00
6224011141093,شوكولا اسبريد اسماكب كريمة البندق 350 جم,150.00
9556995203687,ويفر وايت كاسل شوكليت 100 جم,100.00
8685623833857,فيكس لابوبو شوكلت 70 جم,240.00
658606394278,فيكس شيكولاته دبي 230 جم,250.00
6224011141482,شوكولا اسبريد اسماكب روشيه 350 جم,190.00
4603955002165,الونكا شيكولاته 200 جم,350.00
6132175402748,ستوري شيكولاته بندق كنافه 115 جم,100.00
8690632766423,داماك بسكويت وايت فستق 30 جم,120.00
5000159562676,ميلك واي مينيز 227 جم,220.00
1230000168465,مستر بيست شوكليت الموند 60 جم,280.00
726529606669,فوكس لابوبو ميلك شوكليت 75 جم,100.00
6132175402564,ستوري شيكولاته كنافه فستق 115 جم,100.00
51,هابي ميكس شيكولاته عمله 1 ق,5.00
762497151664,روزا شيكولاته بكريمه الحليب 70 جم,110.00
6225000475311,زوو شيكولاته 20 جم,40.00
8697288519083,شيكولاته جوفين بندق 50 جم,100.00
6224011141109,شوكولا اسبريد اسماكب كيندر 350 جم,125.00
9556995203724,ويفر وايت كاسل كوكيز & كريم 100 جم,100.00
9556995203700,ويفر وايت كاسل فانيليا 100 جم,100.00
34000463589,كيس كيسيز فراوله 230 جم,700.00
5000159550512,ميلك واي 43 جرام,85.00
8990800022437,البين ليب 125 جم,85.00
6224007819371,مولكي بلوي بيري ريد فيلفت كيك 170 جم,140.00
6132500710371,المرجان كريمه البندق مع الكاكاو 700 جم,650.00
5000159570701,سليبريشن علبه 500 جم 51 ق,900.00
7622201115456,شيكولاته لاكتا فراولة 100 جم,100.00
7622201124533,شيكولاته لاكتا اوريو وايت 100 جم,100.00
6224011141437,شوكولا اسبريد اسماكب رفايللو 350 جم,100.00
6225000475380,فوكس شيكولاته كنافه روشيه,50.00
726529606706,فوكس لابوبو كيندر 75 جم,100.00
20884604,فاين كير شيكولاته لوز مملح بالعسل 200 جم,160.00
6132500711033,المرجان كريمه البندق 350 جم,250.00
4600300088867,الونكا شيكولاته ميلك 90 جم,280.00
6224011141673,شوكولا اسبريد اسماكب بالاوريو 350 جم,125.00
850027880129,مستر بيست ميلك شوكليت 60 جم,150.00
5000159556453,مالتيزرز كيس شوكولاتة 175 جم,250.00
6942836707729,كيسيز هيرشيز دارك شوكليت 146 جم,280.00
8690504143727,اولكر شيكولاته دبي 93 جم,200.00
726529103809,شوكولا اسبريد اسماكب مانجو 350 جم,125.00
726529103854,شوكولا اسبريد اسماكب مرجانة 350 جم,200.00
7310511802301,دايم ميني 200 جم,350.00
8690632994055,داماك شوكولاته بالفستق 60 جم,120.00
11104215,شيكولاته لاكتا بالحليب 85 جم,100.00
7622300507121,شيكولاته لاكتا اوريو 105 جم,100.00
20029838,فاين كير شيكولاته ميلك مكسرات 100 جم,160.00
4001743760196,البيا شيكولاته 50% دارك 100 جم,100.00
7622202037870,شيكولاته لاكتا لوز مكرمل والمكسرات 85 جم,100.00
6224007819302,مولكي كوتن كاندي بستاشيو 170 جم,140.00
8690632712468,داماك شيكولاته كراميل 60 جم,125.00
3450204,تويزلير فراوله 70 جم,150.00
726529606690,فوكس لابوبو سبرايز 75 جم,100.00
726529606676,فوكس لابوبو كنافه فسدق 75 جم,100.00
5000159552004,ميلك واي 6*21.5 جم,200.00
726529103816,شوكولا اسبريد اسماكب مانجو 200 جم,70.00
6221134031881,فانوس سنيكرز 24 جم,60.00
8680244923116,ميسكيتس دبي شوكلت 100 جم,200.00
7622201783396,كادبورى دارى ميلك بندق 180 جم,350.00
7622201418083,شيكولاته بافليدوس فسيفساء 100 جم,100.00
1291154668225,اس ام شيكولاته دبي 230 جم,500.00
6224011141741,شوكولا اسبريد اسماكب فستق 350 جم,250.00
8690632712260,داماك شيكولاته وايت 60 جم,180.00
8680679360340,شيكولاته دبي بكلافا وايت 100 جم,220.00
80052364,فريرو ترونكى بندق 18 جم,25.00
ر,ريزن توفي 1 ق,7.50
111102206,سنيكرز & باونتي & مارس بالوزن,0.00
11110631,شيكولاته ميلتد بالوزن,0.00
111102215,دايموند شيكولاته دبي بالوزن,0.00
111101075,شيكولاته اسبريسو بالوزن,0.00
8935001719083,تشوبا تشوبس صفارة بوبس 15 جم,20.00
8850344210106,سور تاي ريد كاري باستا 400 جم,400.00
11210009714,تاباسكو صوص هالبينو 59 مل,200.00
8850344011437,سور سي فوود شيلي صوص 300 مل,200.00
8850344004903,صوص سريراتشا فلفل مايونيز 440 مل,450.00
8850344000073,سور صوص سويت شيلي برقوق 300 مل,200.00
6281034001063,فيمتو فروت كوراديل 710 ملل,200.00
5000111001007,اتش بي صوص اورجينال 255 جم,200.00
8850344000271,صوص سريراتشا فلفل حار جدا 435 مل,300.00
6003770002407,ناندوز صوص ليمون اعشاب 125 جم,160.00
8850344005443,صوص سريراتشا فلفل ترياكي 440 مل,400.00
8850344001704,سور صوص سويت شيلي مانجو 300 مل,180.00
6281034915278,فيمتو فروت كوراديل 710 ملل,200.00
6972102832398,جوليون صوص سريراتشا حار 482 جم,250.00
8076809523547,بيستو روسو 200 جم,100.00
8850344000158,سور صوص المحار 300 مل,170.00
8850344005658,صوص سريراتشا فلفل وسابي 200 مل,200.00
8850344000080,سور صوص سلطه حمراء 300 مل,170.00
8850344210113,سور تاي جرين كاري باستا 400 جم,380.00
8850344011611,سور دارك سويا صوص 300 مل,200.00
25315268907,ماري شارب صوص فلفل اخضر 148 مل,200.00
8850344001025,سور صوص سويت شيلي اناناس 300 مل,180.00
6003770000519,ناندوز صوص هوت 125 جم,160.00
8850344000479,صوص سويت شيلي 435 مل,200.00
8076809582643,بيستو ليمون & ريحان 190 جم,50.00
6003770000670,ناندوز صوص اكسترا هوت 250 جم,200.00
8850344000059,سور سبرينج رول صوص 300 مل,180.00
8850344000035,سور صوص تاي هوت شيلي صوص 300 مل,200.00
11210008328,تابسكو صوص حار 566 جم,550.00
6003770002414,ناندوز صوص ليمون & اعشاب 250 جم,200.00
8850344001575,سور تمرهندي باستا 454 جم,300.00
3431209,هيرشيز صوص شيكولاته 680 جم,280.00
8850344005221,سور صوص هويسين 440 مل,300.00
8076809517751,بيستو فلفل احمر & فلفل الوان 190 جم,100.00
8859568700929,براو هوم كريمه جوزهند 400 مل,180.00
6003770000953,ناندوز صوص ميديم 125 جم,160.00
8850344001711,سور صويا صوص ياباني 300 مل,230.00
6003770002520,ناندوز XX هوت 125 جم,160.00
34000003129,هيرشيز صوص الشيكولاته 680 جم,500.00
8076809541091,بيستو طماطم مجففة 200 جم,100.00
4023300850805,لانجنيزا عسل الزهور البريه 250 جم,500.00
4023300851604,لانجنيزا عسل الغابة 250 جم,600.00
8697446211613,عسل ابيض 43 جم,350.00
8697446210234,ثيمرا عسل ابيض 240 جم,800.00
6223016390635,علي تشوكلت كنافة بالفسدق 140 جم,140.00
9555021502619,علي كافيه 2*1,17.00
9555021503159,علي كافيه 3*1,17.00
11102292,شاور جيل سيكرت,300.00
11102285,هيربل سيرم 120 مل,520.00
11102294,ليف ان,300.00
11102279,اشواجندا هيربل تي,65.00
11102288,سكراب فحم,210.00
11102284,هيربل بلسم 300 مل,320.00
11102283,هيربل شامبو 300 مل,290.00
11102281,ديو عنبر مزيل عرق 50 مل,250.00
11102295,كريم مسائي,560.00
11102293,هير سبراي,250.00
11102290,بدي بتر سبراي,150.00
11102289,سكراب رمان,150.00
11102280,مورينجا,45.00
11102286,هيربل غسول,290.00
8901088747356,بارشوت زيت جوزهند 175 مل,100.00
11102291,شاور جيل صن سيت,300.00
11102282,ديو فروتس مزيل عرق 50 مل,250.00
11102287,هيربل تان اديل,360.00
25,كوتن كاندي ستيتش كوب 1 ق,25.00
20005771,فاين كير شيكولاته بندق كامل 100 جم,160.00
20022464,فاين كير شيكولاته 74% دارك - 100 جم,200.00
20368197,فاين كير شيكولاته بيضا 100 جم,160.00
4056489762737,فاين كير شيكولاته بيضا هاي بروتين 90 جم,250.00
20449100,فاين كير شيكولاته زبيب بندق 100 جم,160.00
20119201,فاين كير شيكولاته لوز 100 جم,125.00
4056489160557,فاين كير شيكولاته كريسب 100 جم,125.00
6224004382069,فري ستيفيا ميلك بندق 85 جم,70.00
6224004382151,فري ستيفيا دارك لوز & رازبيري 85 جم,70.00
6224004382137,فري ستيفيا دارك فرينش كوفي 85 جم,70.00
6224004382014,فري ستيفيا ميلك لوز 85 جم,70.00
6224004382083,فري ستيفيا وايت بستاشيو 85 جم,70.00
6224004382106,فري ستيفيا دارك بستاشيو 85 جم,70.00
6224004382045,فري ستيفيا ميلك بستاشيو 85 جم,70.00
6224004382076,فري ستيفيا دارك 55 % كاكاو 85 جم,70.00
6224004382120,فري ستيفيا دارك بندق 85 جم,70.00
6224004382113,فري ستيفيا دارك لوز 85 جم,70.00
6224004382021,فري ستيفيا ميلك 85 جم,70.00
6224004382052,فري ستيفيا ميلك فرينش كوفي 85 جم,70.00
6224004382182,فري ستيفيا دارك 95 % كاكاو 85 جم,70.00
6224004382090,فري ستيفيا دارك كاجو 85 جم,70.00
6224004382038,فري ستيفيا ميلك كاجو 85 جم,70.00
6224004382144,فري ستيفيا وايت فراوله 85 جم,70.00
6224004382175,فري ستيفيا دارك 85 % كاكو 85 جم,70.00
762571500012,فريز كوكتيل الفراوله 275 مل,70.00
762571500036,فريز كوكتيل التوت 275 مل,70.00
762571500296,فريز موجيتو & فراوله 275 مل,70.00
762571500098,فريز كيوي & ليمون اخضر 275 مل,70.00
762571500067,فريز نفاح & عنب 275 مل,70.00
762571500029,فريز كوكتيل الرمان 275 ملل,70.00
762571500128,فريز ليمون نعناع 275 مل,70.00
762571500265,فريز ليتشي 275 مل,70.00
762571500081,فريز اناناس & جوزهند 275 مل,70.00
762571500241,فريز مانجو & خوخ 275 مل,70.00
762571500197,فريز بلو هاواي 275 مل,70.00
3800203051369,توب فشار ميكرويف عسل 100 جم,50.00
6223014790826,فشار ريبابليك 94 جم,40.00
3800203050515,توب فشار ميكرويف سالت كراميل 100 جم,50.00
5706516031518,بوبز فشار زبده 270 جم 3 ق,250.00
5706516031501,بوبز فشار ملح 270 جم 3 ق,250.00
3800203051352,توب فشار ميكرويف هوت بيبر 100 جم,50.00
3800203050676,توب فشار ميكرويف شوكو كراميل 100 جم,50.00
3800203050683,توب فشار ميكرويف ملح 100 جم,50.00
480,فواكهه مبرده مقرمشه 70 جم,480.00
6223014790147,فروت فيستا تروبيكال ميكس 120 جم,50.00
6223014790130,فروت فيستا حمضيات ميكس 120 جم,50.00
6223014790123,فروت فيستا ريد ميكس 120 جم,50.00
111103754,سيبون فواكه مجففة بالوزن,0.00
111101892,مارون جلاسيه بالوزن,0.00
11110629,فواكهه مجففه بالوزن,0.00
6224008033486,فولت يلوو 200 ملل,12.00
6224008033691,فولت يلوو 330 مل,25.00
3057640407253,فولفيك مياه فواكهه 500 مل,100.00
3057640100673,فولفيك مياه طبيعيه 500 مل,70.00
3057640319648,فولفيك مياه فراوله 500 مل,100.00
3057640319723,فولفيك مياه ليمون 500 مل,100.00
6224011241083,في سفن بلوبيري 300 مل,20.00
6224011241571,في سفن شعير تفاح 300 مل,20.00
6224011241076,في سفن اناناس 300 مل,20.00
6224011241366,في سفن كولا 300 مل,20.00
6224011241564,في سفن بينك ليموناده 300 مل,20.00
6224011241519,في سفن ليمون ليمي 300 مل,20.00
6224011241106,في سفن ليمون نعناع 300 مل,20.00
6224011241427,في سفن كولا دايت 300 مل,20.00
6271019005889,فيكو كريسبي ملح & خل 20 جم,40.00
6271019000136,فيكو ستيكس كاتشب 28 جم,35.00
6271019000044,فيكو ستيكس خل وملح 28 جم,35.00
6271019005780,فيكو بفك حلقات بالجبنة 28 جم,35.00
6271019005735,فيكو رينجز بصل,40.00
6271019000051,فيكو بفك جبنة 23 جم,35.00
5010438020636,فيمتو سباركلينج 330 مل,70.00
11102087,ف,0.00
5010438019869,فيمتو سباركلينج زيرو 330 مل,70.00
5010438007095,فيمتو فواكهه 330 مل,70.00
5010438020643,فيمتو سباركلينج زيرو 330 مل,70.00
5010438020186,فيمتو فواكهه 330 مل,75.00
8410525143403,فينى بطيخ بابل جام 90 جم,80.00
8410525248078,فينى هوليداي كولا 90 جم,70.00
8410525150364,فينى جلاكسي ميكس 90 جم,70.00
8410525122903,فينى اسنان 90 جم,70.00
8410525143397,فينى فروتس بابل جام 90 جم,80.00
8410525241314,فينى كولا سكر روزز 90 جم,70.00
8410525121500,فينى ماجيك كاربت 90 جم,75.00
8410525274770,فينى تيوبس كريمى مانجو & كريم 80 جم,80.00
8410525274602,فينى تيوبس كريمى فراوله & موز 80 جم,80.00
8410525147906,فينى بطيخ اخضر 90 جم,80.00
8410525275197,فينى ساور جيلي بينز 85 جم,80.00
8410525116797,فينى خوخ حلقات 90 جم,70.00
8410525236754,فينى تويزلر فراوله 85 جم,80.00
8410525116742,فينى ميكس بيرى 90 جم,70.00
8410525220548,فينى بلوبس اخطبوط سكر 90 جم,70.00
8410525159749,فينى خوخ سكر 90 جم,70.00
8410525271182,فينى موتشي ميني 90 جم,85.00
5060608748327,فيوري مشروب طاقه 400 مل,25.00
5711953135682,بوك قشطه 160 جم,75.00
5711953135644,بوك قشطه 160جم,75.00
5201004523600,كابريس ويفر 2ق - 20% خصم,290.00
5034660021582,كادبورى هوت شوكليت 500 جم,550.00
7622202300585,كادبوري توريل 21 جم,50.00
7622202296147,كادبوري بابلي مينيز 156 جم,200.00
7622202335518,كادبورى اوريو نحلة 20 جم,100.00
7622202341809,كادبورى بيتس ويسبا 85 جم,200.00
8000500449356,كيندر شوكو بولز ميلك بندق 90 جم,450.00
7622202284458,كادبوري مارفيلوس كريشن 90 جم,100.00
7622202296550,كادبوري فليك مينيز 145 جم,230.00
7622202209918,كادبوري اكلير 130 جم,180.00
5000201468611,كادبوري كرانشي 40 جم,85.00
7622201448905,شوكلاته كادبورى منياتير 400 جم,550.00
7622202211973,كادبوري بوتنس 85 جم,130.00
7622201729080,كادبورى ديلايتش بندق & كراميل 110 جم 5 ق,300.00
7622201700430,كادبورى ديلايتس برتقال & كراميل 110 جم 5 ق,300.00
7622210117793,كادبوري اكلير كراميل 130 جم,100.00
7622202296499,كادبوري ساده مينيز 156 جم,200.00
7622210400291,كادبوري لوز محمص 160 جم,200.00
8000500449332,كيندر شوكو بولز ميلك كريسبى 90 جم,450.00
7622201734848,كادبوري هيروز 550 جم,800.00
7622210410511,كادبوري ديري ميلك فروت& نات 160 جم,200.00
7622210400277,كادبوري ديري ميلك بندق 160 جم,200.00
7622201734862,كادبوري روزيس 550 جم,800.00
7622202286445,كادبورى مارفليوس 19 جم,15.00
5410081202555,كود دور شيكولاته 47 جم,200.00
7622202368035,شوكولاته مينياتير نجمه 600 جم صفيح,900.00
7622210154125,كادبوري دايم 120 جم,150.00
7622202297465,كادبوري فليك 28 جم,50.00
7622202291180,كادبوري مينيز ميكس 30 ق - 400 جم,400.00
7622202296116,كادبوري بندق مينيز 156 جم,200.00
5000201496386,كادبورى ساندوتش سناك 6 ق,300.00
7622202813757,كادبورى دارى ميلك بندق 16 جم,15.00
7622210170163,كادبوري ساندويتش سناك 1 ق,50.00
7622202341885,كادبورى بوتنس 85 جم,200.00
5034660021537,كادبوري هوت شوكلت 250 جم,350.00
7622201730413,كادبورى اكلير 350 جم,500.00
7622300737931,كادبورى داري ميلك كراميل 120 جم,240.00
7622202376658,كادبورى كيس فانيليا توفي 13 ق 136 جم,250.00
7622202282775,كادبورى دارى ميلك اوريو 16 جرام,15.00
11103950,كادبورى داري ميلك كراميل 120 جم,350.00
7622201675349,كادبوري تويرل 54 جم,85.00
7622201700416,كادبورى ديلايتش سالت كراميل 110 جم 5 ق,300.00
7622202324086,كادبورى مينى مكس 30 ق,420.00
5034660521877,كادبوري ديري ميلك بندق 120 جم,240.00
7622210255396,كادبوري كرانشي 32*4 جم,200.00
7622201448790,علبة شيكولاته مينياتير 200 جم,350.00
7622202376160,كادبورى دارى ميلك بندق كريمى 136.5 جم,250.00
6224003030800,كاندي كان بونبون ستيك 50 جم,30.00
6224009543205,هابي ميكس مصاصه شوكو 1 ق,30.00
8718858612772,كاندي كان روكيت ايس لولي 330 مل,70.00
6224003030633,كاندي كان بونبون ستيك 10 جم,10.00
8718858612833,كاندي كان كوتن كاندي 330 مل,70.00
8857660091020,سموكي بوبينج كاندي 7 جم,20.00
6695020003007,كوتن كاندي بابا نويل 2025,25.00
8718858612741,كاندي كان ساور تفاح 330 مل,70.00
60,كوتن كاندي & فشار & اغاني رمضان 1 ق,60.00
8718858612802,كاندي كان بابل جم 330 مل,70.00
8718858612710,كاندي كان بيرزداي كيك 330 مل,70.00
5010511481118,هينري جودز ريب سوس 140 جم,120.00
112103986,كاندي اسباني توت بالوزن,700.00
11110628,كاندي بالوزن,0.00
6294003629328,كاندي مجفف اسكيتلز 175 جم,350.00
6294003629342,كاندي مجفف 100 جم,350.00
6224010521261,كاي حلقات بالشوفان باربكيو 60 جم,20.00
6224010521759,كاي سناكس بافس بالزيتون 80 جم,20.00
6225000346932,كاي شوفان كركم و جنزبيل 500 جم,80.00
6224010521254,كاي حلقات شوفان جبنة 60 جم,15.00
6224010521278,كاي حلقات بالشوفان ساور كريم 60 جم,20.00
6224010521650,كاي بروتين بايتس جلابينو 60 جم,15.00
6225000346918,كاى شوفان قرفه 500 جم,80.00
6224010521766,كاي سناكس بافس ترافيل 8 جم,20.00
6224010521179,كاي بروتين بافس ساور كريم 60 جم,15.00
6224010521742,كاي سناكس سويت اند سور باربيكيو 80 جم,20.00
6224010521643,كاي بروتين بايتس رانش 60 جم,20.00
6224010521667,كاي بروتين بايتس عسل مسطرده 60 جم,15.00
6224010521636,كاي بروتين بايتس جبنه ناتشو 60 جم,15.00
6224010521186,كاي بروتين بافس جمبري ملح بحر 60 جم,20.00
6224010521155,كاي بروتين بافس شيدر 60 جم,20.00
6224010521728,كاي سناكس بافس جبنة 80 جم,20.00
6224010521629,كاي بروتين بايتس باربكيو 60 جم,15.00
6224010521612,كاي بروتين بايتس ساور كريم 60 جم,15.00
6223000228906,كلاس ايه سبيشيوليس كراميل قرفه 1 ق,10.00
6225000346956,كاي شوفان بجوز الهند 300 جم,75.00
6225000346963,كاي شوفان بالتفاح 300 جم,75.00
6225000399044,كاي شوفان زبادي & توت 300 جم,70.00
6225000399051,كاي شوفان موز & عسل 300 جم,70.00
6225000346949,كاي شوفان بالتوت 300 جم,75.00
6225000346925,كاي شوفان عالي البروتين 500 جم,85.00
6224010521773,كاي نوديلز شوفان فراخ بالكاري 70 جم,10.00
6224010521803,كاي نوديلز شوفان بالجمبري 70 جم,10.00
6224010521797,كاي نوديلز شوفان بالخضار والكريمة,10.00
6224010521780,كاي نوديلز شوفان بالكباب 70 جم,10.00
51325114941,كرونتس باربيكيو 70 جم,70.00
51325114880,كرونتس بالجبنة الحارة 70 جم,70.00
9557062500036,كرونتس بالفراخ 70 جم,70.00
9557062500449,كرونتس بالجبنة 70 جم,70.00
9557062400671,دابل ديكر حلقات الجبن 60 جم,70.00
613008735432,اريزونا كيوي فراوله 650 ملل,180.00
5449000094230,كندا دراي 250 ملل DANA,95.00
5449000062611,كندا دراي كلوب صودا 300 ملل,95.00
613008720209,اريزونا بطيخ 650 ملل,180.00
613008735418,اريزونا مانجو 650 ملل,180.00
613008735159,اريزونا ايس تى ليمون 650 ملل,180.00
613008715625,اريزونا اورانج 650 ملل,180.00
5449000094247,كندا دراي كريم صودا 250 ملل,95.00
613008717711,اريزونا شاى حلو 650 ملل,180.00
613008719524,اريزونا ايس تى خوخ,180.00
613008715267,اريزونا شاى اخضر 650 ملل,180.00
613008719296,اريزونا عنب 650 ملل,180.00
613008726096,اريزونا ليمونادا 650 ملل,180.00
111103862,كواليتي ستريت بالوزن,0.00
8445290159755,كواليتي ستريت 220 جم,300.00
8445291609457,كواليتي ستريت 750 جم,"1,000.00"
8445291561359,كواليتي ستريت كرافت 220 جم,400.00
8445291609181,كواليتي ستريت 550 جرام,800.00
8445291561373,كواليتي ستريت 300 جم,600.00
7613031908370,كواليتي ستريت 900 جم,"1,000.00"
8445291154162,كواليتي ستريت جولدن سليكشن 283 جم,600.00
8445290146434,كواليتي ستريت 600 جم,800.00
8445291154179,كواليتي ستريت كريم سليكشن 281 جم,600.00
8445291515260,كواليتي ستريت 900جم,"1,300.00"
8996001320136,كوبيكو كابتشينو 175 جم,60.00
8996001320327,كوبيكو بونبون كوفي برطمان 560 جم - 160 ق,220.00
8996001320051,كوبيكو قهوه 175 جم,60.00
8996001320273,كوبيكو بونبون كابتشينو برطمان 560 جم - 160 ق,220.00
6281058102081,كود ريد مشروب طاقه 250 مل,100.00
6281058292614,كود ريد كوفي 250 مل,95.00
6281058292638,كود ريد موهيتو 250 مل,95.00
6221073015225,كورونا نعناع 1 ق,25.00
6221073015072,كورونا برتقال 37 جم,25.00
6221073002638,كورونا دارك باللوز 1ق,50.00
6221073011821,كورونا كينج سايز اكسترا ميلك تشوكوليت,45.00
6221073011708,كورونا جروفي ميلك كراميل فليكس 80 جم,70.00
6221073011180,كورونا ميلك ستيفيا 1ق,55.00
6221073029536,كورونا اونا بروتين بافس سويت شيلي 50 جم,20.00
6221073011494,كورونا جروفي دارك كوفي 80 جم,70.00
6221073015256,كورونا روكيت ميلك تشوكوليت 1ق,25.00
6221073011463,كورونا جروفي دارك 80 جم,70.00
6221073011647,كورونا جروفي ميلك فراوله 80 جم,65.00
6221073011975,كورونا ميلك بندق 40 جم,45.00
6221073010503,كورونا بالبندق كينج سايز 1ق,40.00
6221073029444,كورونا فانوس 7 ق,50.00
6221073011883,كورونا دارك 72% - 30 جم,30.00
6221073011586,كورونا جروفي ميلك 80 جم,70.00
6221073010701,كورونا ميلك كينج سايز 1ق,45.00
6221073011210,كورونا ميلك لوز مملح 1ق,50.00
6221073011524,كورونا جروفي دارك مينت 80 جم,70.00
6221073011678,كورونا جروفي ميلك كنافه 80 جم,70.00
6221073011791,كورونا كريسبي كينج سايز 1ق,45.00
6221073029512,كورونا اونا بروتين بافس ساور كريم اونين 50 جم,20.00
6221073011739,كورونا لايت تشوكليت كينج سايز 1ق,45.00
6221073000870,كورنا دارك ستيفيا 62 %,55.00
6221073011913,كورونا البين ميلك ساده 40 جم,55.00
6221073002577,كورونا دارك استيفيا %55 1ق,55.00
6221073011760,كورونا دارك تشوكوليت كينج سايز 1ق,45.00
6221073012224,كورونا ستيفيا ميلك بندق 50 جم,55.00
6221073012255,كورونا دارك ستيفيا لوز 40 جم,55.00
6221073002669,كورونا دارك %72 1ق,55.00
6221073015102,كورونا فراوله 1 ق,25.00
6221073011555,كورونا جروفي دارك فراوله 80 جم,70.00
6221073011616,كورونا جروفي ميلك بندق 80 جم,70.00
6221073029550,كورونا اونا بروتين بافس جبنه بارميزان 50 جم,20.00
6221073002607,كورونا دارك بالبندق 1 ق,50.00
6221073029420,بيمبو فانوس 7 ق,45.00
6221073011838,كورونا ميلك لوز مملح ص 1 ق,30.00
8801073115514,نودلز كوري موف 135 جم,135.00
8801073113381,نودلز كوري ستيو تايب,135.00
8801073211667,نودلز كوري بينك كوب 80 جم,180.00
648436100422,نودلز كوري بالدو رامين حوا 120 جم,105.00
8801073210776,نودلز كوري اسود كوب 70 جم,180.00
8801073110502,نودلز كوري اسود 140 جم,135.00
8809950200636,روبوكي جبنه 132 جم,200.00
8801073113893,نودلز كوري بينك كاربونارا 130 جم,150.00
8801073211056,نودلز كوري اصفر كوب 120 جم,250.00
648436101276,نودلز كوري بالدو فولكينو تشيكن 140 جم,105.00
648436100682,نودلز كوري بالدو كوكومين 120 جم,105.00
8801073115521,نودلز كوري لايت نصف حار 140 جم,135.00
8801073113428,نودلز كوري احمر X2,135.00
648436310388,نودلز كوري بالدو جينسنج تشيكن 100 جم,105.00
4580352290121,نودلز كورى بطعم البطاطس,135.00
8801073114814,نودلز كوري بينك كريمي 140 جم,150.00
8801073411432,صوص نودلز بينك 200 مل,300.00
8809950200100,توبوكي كيميتشي 113 جم,200.00
8801073115057,نوديلز هوت بيبر 120 جم,110.00
8809950200612,روبوكي اورجينال 132 جم,250.00
8801073411388,صوص نودلز اسود 200 مل,300.00
8801073113312,نودلز كوري اصفر 140 جم,135.00
648436310425,نودلز كوري بالدو جرين تي 120 جم,105.00
648436100583,نودلز كوري بالدو سي فود 120 جم,105.00
8801073212763,نودلز كوري كواترو كوب 110 جم,250.00
648436310470,نودلز كوري بالدو بيبي مين 130 جم,105.00
8809950200117,توبوكي تشيلي ليمي 113 جم,250.00
648436100934,نودلز كوري بالدو جبنه رامين 111 جم,105.00
8801073210363,نودلز كوري اسود كوب 105 جم,250.00
648436100057,نودلز كوري بالدو سويت & ساور 130 جم,105.00
8801073211506,نودلز كوري كاربونارا كوب 105 جم,250.00
8801073113947,نودلز كوري اخضر 140 جم,135.00
648436310074,نودلز كوري بالدو لوبستر رامين 120 جم,105.00
8801073115378,نودلز وردي 140 جم,125.00
ستيك,نودلز ستيك 1 ق,10.00
8801073114548,نودلز كوري احمر X3 سبايسي 140 جم,135.00
648436100613,نودلز كوري بالدو تيام ساي رامين 120 جم,105.00
8801073114685,نودلز كوري مكرونة بالطماطم,135.00
74603005922,نودلز فاصوليا سوداء 140 جم,110.00
8801073115088,نودلز كوري كواترو اورانج 145 جم,135.00
74603003287,نودلز كوري كيمتشي 120 جم,135.00
648436101054,نودلز كوري بالدو رابوكي 135 جم,105.00
8801073212480,نودلز كوري بينك كوب 120 جم,250.00
8809950200292,توبوكي بولجوجي 113 جم,250.00
74603006684,نودلز كوري ازرق سي فود 125 جم,135.00
8801073411395,صوص نودلز احمر 200 مل,300.00
8801073115705,نودلز ساميانج بولجوجي 140 جم,110.00
648436310685,نودلز كوري بالدو فولكانو كاربونرا 130 جم,105.00
8801073115125,نودلز كوري ياكيسوبا 130 جم,135.00
8809950200629,روبوكي كاربونرا 132 جم,250.00
5449000276018,كوستا قهوه مثلجه لاتيه كراميل بينك 250 مل,100.00
5039303007091,كوستا كبسولات كابتشينو 10 ق,480.00
5039303007121,كوستا كبسولات كراميل لاتيه 10 ق,480.00
5449000276025,كوستا قهوه مثلجه لاتيه 250 مل,100.00
5000112667516,كوستا قهوه مثلجه لاتيه كراميل 250 مل,100.00
5039303007213,كوستا كبسولات سكينى لاتيه 10 ق,480.00
5039303007114,كوستا كبسولات لاتيه 10 ق,480.00
8996001301715,بسكويت كوفي جوي 39جم,20.00
7506475113915,كوفي ميت اكسترا كريم 140 جم,100.00
5000112658897,كوكاكولا فانيليا 330 مل,85.00
5740700995774,كوكاكولا شيري 330 مل,80.00
5449000098917,كوكاكولا فانيلا 330 مل,90.00
5996071649239,كويك ميلك شوكولاته 6 حبات,60.00
5996071691092,كويك ميلك كوكيز & كريم 5 ق,60.00
5996071657319,كويك ميلك موز 5 ق,60.00
5996071650655,كويك ميلك فراوله 5 ق,60.00
5996071709872,كويك ميلك بابل جام 5 ق,60.00
5996071650648,كويك ميلك شوكليت 5 ق,60.00
5996071650631,كويك ميلك فانيلا 5 ق,60.00
5996071655384,كويك ميلك شوكليت & موز 5 ق,60.00
5000108478119,كويكر رقائق الشوفان 500 جم,220.00
6290400030095,كويكر شوفان حبوب كامله 500 جم,200.00
6271002112310,كي دي دي حليب فراوله 250 مل,80.00
6271002210511,كي دي دي عصير تفاح 250 مل,150.00
6271002210719,كي دي دي عصير اناناس 250 مل,150.00
6271002110514,كي دي دي قشطه قيم 250 جم,120.00
6271002112716,كي دي دي حليب موز 250 مل,150.00
6271002107521,كي دي دي كافيه لاتيه 250 مل,150.00
6271002113218,كي دي دي حليب فانيلا 250 مل,125.00
6271002112518,كي دي دي حليب شوكولاته قليل الدسم 250 مل,150.00
6271002119111,كي دي دي قشطه قيم 125 جم,70.00
6271002211518,كي دي دي نكتار مانجا 250 مل,150.00
6294003596514,كيت كات ميني 110 جم,80.00
6294003545604,كيت كات ميني 19 ق,99.00
5900020025067,فيتنس بار شيكولاته 23.5 جم * 6 ق,75.00
فيتنس3,فيتنس بار كراميل 23.5 جم * 6 ق,7.50
6294003539153,كيت كات 2 صوبع,15.00
6294003539054,كيت كات 4 صوبع,25.00
6294017124925,تولا بار 15.5 جم,5.00
فيتنس2,فيتنس بار شيكولاته و موز 23.5 جم * 6 ق,7.50
12,كيت كات ميني لوتس 7 ق,12.00
6294017124895,تولا بار 31 جم,10.00
فيتنس,فيتنس بار فراوله 23.5 جم * 6 ق,7.50
9,كيت كات ميني 110 جم,9.00
5900020043085,نسكويك كوكيز 15 جم,7.50
6294003583071,كيت كات توت 2 صوبع,15.00
6294003597849,كيت كات شانكي لوتس 41.5 جم,25.00
8445290568038,كيت كات دارك 4 صوبع,25.00
6294003582678,كيت كات شانكي 40 جم,25.00
كيت,كيت كات ميني 1 ق - ركن الهدايا,7.50
5900020025104,نسكويك بار 25 جم * 6 ق,75.00
6294017118436,كيت كات ميني لوتس 7 ق,95.00
6294003569006,كيت كات كوكيز 2 صوبع,15.00
6294003588274,كيت كات شانكي كراميل 42 جم,25.00
8699141059101,لوبو كيك مارشميلو & شيكولاته 8 ق - 184 جم,150.00
8691707058580,لوبو كيك مارشميلو & فستق 7 ق - 182 جم,150.00
8699141032364,بابيتا كيك براوني ساور شيري 40 جم,20.00
8699141059330,لوبو دريم بار 30 جم,20.00
8691707059044,لوبو كيك مارشميلو & كريز 7 ق - 182 جم,150.00
6281007045865,لوزين كب كيك فانيليا 30 جم,15.00
6281007045841,لوزين كب كيك شيكولاته 30 جم,15.00
8691720020366,كاسي كيك شيكولاته 25 جم,10.00
8691707059099,لوبو كيك مارشميلو & كراميل 7 ق - 182 جم,150.00
6625000351095,ديستنجو كيك ريد فيلفت 375 جم,250.00
8000500411254,كيندر ميني اصدقاء ميلك 122 جم,250.00
8000500128350,فريرو روشيه بيض كريسبي 100 جم,300.00
8000500389652,كيندر هابي مومينتس 161 جم,350.00
8000500385807,كيندر ديو 12 ق 150 جم,250.00
9300698501454,نوتيلا سبريد 3 كجم,"2,100.00"
40084107,كيندر بيض سيربرايز دراجون,100.00
40084077,كيندر ماكسي 21 جم,30.00
8000500024041,كيندر تشوكو بونس 125 جم,230.00
8000500391228,كيندر كيندريني 20 ق - 250 جم,380.00
80177616,كيندر شيكولاته 8 ق,120.00
8000500227848,نوتيلا بي ريدي 6 ق,180.00
40084909,كيندر ابريشن بيضه 20 جم,50.00
8000500023624,كيندر هابي هيبو 5 ق,150.00
8000500418482,كيندر تشوكو بونس كريسبي 67.2 جم,300.00
80761761,كيندر بوينو شيكولاته وايت 39 جم,50.00
80176732,كيندر هابي هيبو 21 جم,30.00
80177609,كيندر شيكولاته 4 ق,65.00
8000500444900,كيندر بوينو بيض 80 جم,160.00
8000500447130,كيندر كيندريني 4 ق - 100 جم,220.00
8000500096017,كيندر كريسماس 6 ق,400.00
8000500433904,كيندر بوينو شيكولاتة 10 ق,260.00
4008400828121,كيندر ماكسي 231 جم,300.00
8000500267035,كيندر ديليس كيك 39 جم,65.00
80177180,كيندر كانتري 23.5 جم,35.00
80052357,كيندر دوبلو 26 جم,50.00
8000500160466,فريرو روشيه بوكس 75 جم,260.00
11150,كيندر كاردز 25.6 جم,65.00
80974482,كيندر جوي اولاد 20 جم,65.00
80768258,كيندر جوي بنات 20 جم,65.00
800050000,روشيه قلب 100 جم,300.00
4008400230726,كيندر جوي ماكسي 100 جم,600.00
4008400260921,كيندر كانتري 9ق - 211.5 جم,250.00
80052760,كيندر بوينو شيكولاته 43 جم,50.00
80874652,كيندر كاردز 25 جم,65.00
8000500346273,كيندر بونز كريسبي 90 جم,300.00
8004800008152,لاجو ليدي فينجر بسكويت 200 جم,140.00
8410376035407,ليدي فينجرز سوشيز 200 جم,150.00
8000070020511,لافازا اورو كيس 250 جم,300.00
8000070018747,لافازا اسبرسو كلاسيك 1 ك حبوب,"1,800.00"
8000070028685,لافازا جوستو فورتي 1 كجم,"1,300.00"
8000070059818,لافازا كبسولات كريما اجوستو دولسي,280.00
8000070063372,لافازا اورو ارابيكا 16 ق - 120 جم,400.00
8000070035898,لافازا روسا 1 كجم,"1,300.00"
8000070077416,لافازا سوبر كريمه 1 كجم,"1,750.00"
8000070020580,لافازا اورو صفيح 250 جم,650.00
8000070035904,لافازا روسا 1كجم,"1,300.00"
8000070071353,لافازا كريما ايجوستو 60 ق,"1,800.00"
8000070011052,لافازا دي كاف صفيح 250 جم,560.00
8000070019911,لافازا اورو 250 جم,450.00
8000070063396,لافازا اسبريسو ديفانو 16 ق - 120 جم,400.00
8000070035805,لافازا روسا 250 جم,420.00
8000070024854,لافازا اسبريسو باريستا جران كريم 1 كجم,"1,150.00"
8000070020108,لافازا توب كلاس 1 كجم,"1,900.00"
8000070053472,لافازا كبسولات كريما اجوستو 10 ق,350.00
8000070053564,لافازا كبسولات مايسترو ريستريتو 10 ق,370.00
8000070035935,لافازا روسا صفيح 250 جم,550.00
8000070038769,لافازا كريما ايجوستو 250 جم,420.00
8000070052802,لافازا تيرا اسبريسو 1 كجم,"1,800.00"
8000070051423,لافازا تيرا حبوب سليكشن 1 كجم,"1,750.00"
8000070025400,لافازا كريم اروما بني 1 كجم,"1,600.00"
8000070075610,لافازا كبسولات اسبريسو كراميل 10 ق,280.00
8000070011281,لافازا دي كافيين فاكيوم 250 جم,400.00
8000070036321,لافازا روسا حبوب 500 جم,900.00
8000070051003,لافازا كريم اوجستو كلاسيكو 1 كجم,"1,150.00"
8000070069886,لافازا كافي كريما فورتي سبشيال ايديشن 1 كجم,"1,800.00"
8000070021341,لافازا جران اسبرسو 1 ك,"1,600.00"
8000070003651,لافازا كريما ايجوستو 16 ق - 120 جم,400.00
8000070029644,لافازا كريما اروما اكسبرت 1 كجم,"1,500.00"
8000070027701,لافازا كافي كريما جوستو 1 كجم,"1,900.00"
8000070059672,لافازا كبسولات روسا 80 ق,"1,400.00"
175,لافازا بدون فاكيوم 250 جم,300.00
8000070053526,لافازا كبسولات روسا 10 ق,350.00
8000070018808,لافازا اسبريسو ايطاليانو 250 جم,450.00
8000070053465,لافازا اورو 10 ق,350.00
8000070024908,لافازا كريما اروما ازرق 1كجم,"1,500.00"
8000070043206,لافازا جولد سيلكشن 1 كجم,"2,200.00"
2201,لافازا سيروتى 250 جم,400.00
8000070063310,لافازا اورو 16 ق - 120 جم,400.00
8001060001657,ساكلا نبات الكبر 200 جم,160.00
8000070024441,لافازا كريمي اروما بني 1 كجم,"1,200.00"
8000070010000,لافازا دي كافيين 250 جم,450.00
8000070038868,لافازا مطحون كريمى جوستو 250 جم,420.00
8000070071339,لافازا روسا 60 ق,"1,800.00"
8000070086029,لافازا اسبريسو انتنسو 16 ق - 120 جم,400.00
8000070018877,لافازا اسبريسو صفيح 250 جم,650.00
8000070083141,لافازا سيروتى 250 جم *4,"1,600.00"
8000070038370,لافازا اسبريسو باريستا انتنسو 1 كجم,"1,150.00"
2202,لافازا كريما جوستو 250 جم 1ق,400.00
8000070017412,لافازا تيرا كولمبيا 1 كجم,"1,750.00"
8000070059719,لافازا كبسولات كريما اجوستو فورتي 80 ق,"1,500.00"
8000070035980,لافازا روسا فاكيوم 250 جم,420.00
8000070042025,لافازا سوبر كريما 1 كجم,"1,400.00"
8000070088436,لافازا روسا 16 ق - 120 جم,400.00
8000070043381,لافازا جوستو بينو 1 كجم,"1,250.00"
8000070020559,لافازا اورو حبوب 1 كجم,"1,800.00"
8000070053625,لافازا كبسولات مايسترو كلاسيك 10 ق,370.00
8000070053601,لافازا كبسولات مايسترو ديكاف 56 جم,280.00
8000070054271,لافازا كبسولات مايسترو انتينسو 10 ق,280.00
8000070086005,لافازا اسبريسو باشونال 16 ق - 120 جم,400.00
8000070053571,لافازا كبسولات مايسترو لونجو 56 جم,370.00
8000070055254,لافازا كبسولات كريما ايجوستو فورتي 10 ق,350.00
8000070059795,لافازا كبسولات تيرا 10 ق,280.00
8000070032835,لافازا ال ماتينو 250 جم,420.00
8000070038820,لافازا كريما جوستو صفيح 250 جم,550.00
8000070059832,لافازا كريم اوجستو ريكو 10 ق,280.00
8000070015104,لافازا اسبريسو ايطاليانو صفيح 250 جم,480.00
8000070059696,لافازا كبسولات كريما اجوستو كلاسيكو 80 ق,"1,500.00"
8000070012783,لافازا اورو مطحون 250 جرام,450.00
8690524165235,فرست لبان بطيخ 27 جم,55.00
12546011563,ترايدنت مينت سويت تويست 14 ق,60.00
8693323090104,باي بالون لبان فواكهه حمراء 1 ق,3.00
8693323735128,شوك تو شوك لبان ساور كولا 1 ق,3.00
12546011600,ترايدنت بيري ليمون 14 ق,60.00
4011100156364,سكيتلز فواكه 38 جم,35.00
4009900541862,اكسترا لبان فراوله 60 ق,125.00
73390002206,اير هيدز بلو راس بيري 15.6 جم,30.00
8690524000147,فرست لبان بيري 27 جم,55.00
6928542902818,فريش منعش نفس فراولة 1 ق,70.00
8693323737108,شوك تو شوك لبان ساور تفاح 1 ق,3.00
6928542902801,فريش منعش نفس بيبر مينت 1 ق,70.00
70221013868,ترايدينت فراولة ليمون - 14 ق,60.00
8723400796510,سمينت شوجر فرى 25 جم فراوله,90.00
7622201428587,ترايدنت اورال بي 17 جم,16.66
1010,مسكا مستكه باطوق صغيره - 1 ق,10.00
73390002015,اير هيدز تشيري 15.6 جم,30.00
42247340,اكسترا بابيل منت 10 ق,20.00
8723400796572,سمينت شوجر فرى 25 جم بيبر مينت,120.00
6928542903297,فريش منعش نفس ليمون نعناع 1 ق,70.00
4009900482776,اكسترا سبير مينت 60 ق,125.00
70221008727,ترايدنت تروبيكال تويست 14 ق,60.00
50173686,اكسترا سبير منت 10 ق,20.00
40099361,اكسترا بيبر منت 10 ق,20.00
70221008680,ترايدينت نعناع ازرق 14 ق,60.00
4017602701057,كومباس شوجر فرى 14 جم بيبرمنت,100.00
61614406,اكسترا لبان بيبرمينت 1.7 جم,2.00
8723400796541,سمينت شوجر فرى 25 جم سويت مينت,120.00
8693323738105,شوك تو شوك لبان ساور فراوله 1 ق,3.00
8693323095109,باي بالون لبان نعناع 1 ق,3.00
4017602700722,كومباس شوجر فرى 14 جم وايلد بيرى,100.00
8693323094102,باي بالون لبان توتي فروتي 1 ق,3.00
8690524164832,فرست لبان اناناس 27 جم,55.00
70221008628,ترايدينت بابل جم 14 ق,60.00
8693323736101,شوك تو شوك لبان ساور ليمون 1 ق,3.00
796648262152,باطوق لبان فراوله 5 ق,10.00
8693323091101,باي بالون لبان تفاح 1 ق,3.00
12546011495,ترايدنت مينت بليس 14 ق,60.00
4009900482806,اكسترا لبان نعناع 60 ق,125.00
6971486428968,عيون لبان 1 ق,10.00
70221008642,ترايدنت قرفة 14 ق,60.00
80757450,بيج بابول فان بيريز 6 ق - 27 جم,30.00
4017602700876,كومباس شوجر فرى 14 جم سبيرمنت,100.00
796648263159,باطوق لبان موز 5 ق,10.00
6223014790215,ساور فرينزي لبان كولا 1 ق,2.00
4017602700999,كومباس شوجر فرى 14 جم خوخ,100.00
4009900543071,اكسترا بلوي بيري 60 ق,125.00
8690524164931,فرست لبان فراوله 27 جم,55.00
12546011624,ترايدنت وينتر جرين 14 ق,60.00
70221008703,ترايدنت سبيرمينت اخضر 14 ق,60.00
8693323093105,باي بالون لبان خوخ 1 ق,3.00
4009900545402,سكيتلز فواكه استوائيه 38 جم,35.00
73390002039,اير هيدز ووتر ميلون 15.6 جم,30.00
73390002213,اير هيدز وايت ميستري 15.6 جم,30.00
6928542902795,فريش منعش نفس سوبر مينت 1 ق,70.00
61614413,اكسترا لبان فواكهه 1.7 جم,2.00
70221013905,ترايدنت اناناس تويست 14 ق,60.00
42112907,لبان اكسترا فراوله 14 جم,20.00
796648140207,ميسكا مستكة شريط 8 ق,50.00
8693323092108,باي بالون لبان فراوله 1 ق,3.00
4009900543040,اكسترا لبان فاكهه ونعناع 60 ق,125.00
796648264156,باطوق لبان برتقال 5 ق,10.00
4009900545167,سكيتلز ديزرت 38 جم,35.00
747599620232,غيرديلي كاكاو بودر 320 جم,200.00
796648261155,باطوق لبان سبشيل مينت 5 ق,10.00
70221008741,ترايدنت بطيخ تويست 14 ق,60.00
8693323735104,شوك تو شوك لبان ساور كرز 1 ق,3.00
8723400796480,سمينت شوجر فرى 25 جم سبيرمينت,120.00
73390055240,ترايدنت اناناس تويست 14 ق,60.00
7622201691257,فرست لبان نعناع 27 جم,17.00
5056192408402,سلاش بابي لبان بنكهة التوت الازرق والكرز,35.00
12546011426,ترايدنت بيرفكت بيبرمينت 14 ق,60.00
8855044048349,كوكو لوكو لبن جوزهند فراوله 290 مل,65.00
8855044001887,دريم لبن جوزهند مانجو 290 مل,70.00
8855044010568,دريم لبن جوزهند 290 مل,65.00
8855044010575,دريم لبن جوزهند قطع 290 مل,70.00
8855044001894,دريم لبن جوزهند موز 290 مل,70.00
8855044048332,كوكو لوكو لبن جوزهند اناناس 290 مل,65.00
8855044041135,دريم لبن جوزهند شوكولاته 290 مل,70.00
8855044048295,كوكو لوكو لبن جوزهند قطع 290 مل,65.00
8855044001870,دريم لبن جوزهند فراوله 290 مل,70.00
80001287,لواكر جاردينيا بندق 38 جم,70.00
8000380005918,لواكر بسكويت بندق كيس 125 جم,200.00
8000380147144,لواكر ويفر اسبريسو 110 جم,160.00
8000380140541,لواكر ويفر تراميسو 110 جم,160.00
8000380007219,لواكر ويفر مع حشوة كريمه البندق 175 جم,210.00
80001461,لواكر جاردينيا تشوكلت 38 جم,70.00
8000380153442,لواكر تشوكلت بندق 90 جم,100.00
8000380007271,لواكر ويفر بالحليب 175 جم,210.00
80001799,لواكر تورتينا وايت 21 جم,70.00
8000380005963,لواكر بسكويت شيكولاته كيس 125 جم,160.00
8000380152704,لواكر جاردينيا 10*12.5 جم,240.00
4017100350535,بسكويت هيت 134 جم,110.00
8000380148035,لواكر باتسيري دارك بندق 100 جم,175.00
8000380007264,لواكر ويفر مع حشوة الكاكاو والشيكولاته 175 جم,210.00
8000380140565,لواكر بسكويت كابتشينو 110 جم,200.00
80936237,لواكر بسكويت ميلك 30 جم,35.00
80930303,لواكر بسكويت فانيليا 30 جم,35.00
80965435,لواكر بسكويت كاكاو 30 جم,35.00
8000380005949,لواكر بسكويت فانيليا كيس 125 جم,160.00
8000380153466,لواكر بسكويت كراميكو 90 جم,100.00
80001027,لواكر تورتينا اوريجينال 21 جم,80.00
80940272,لواكر بريك 3 بندق 19 جم,25.00
80854357,لواكر تورتينا تريبل 21 جم,70.00
80930341,لواكر بسكويت بندق 30 جم,35.00
8000380007240,لواكر ويفر مع حشوة كريمه الفانيليا 175 جم,210.00
8000380153480,لواكر فانيليا 90 جم,100.00
5410126673753,لوتس بيسكوف وايت شوكلت 180 جم,350.00
5410126006360,لوتس بيسكوف كريم 15ق,140.00
5410126006957,لوتس سبريد كريمي 400 جم,340.00
5410126003703,لوتس بيسكوف ميلك شوكلت 180 جم,350.00
10,لوتس بسكويت 186 جم,10.00
5410126716016,لوتس بسكويت كراميل 250 جم,200.00
5410126006377,لوتس بسكويت فانيليا 15 ق,140.00
5410126006353,لوتس بسكويت ميلك تشوكلت 15 ق,140.00
5410126006049,لوتس بيسكوف 125 جم,100.00
5410126116953,لوتس سبريد سموس 400 جم,350.00
54010628,لوتس بيسكوف & جو 45 جم,150.00
8711000390184,لور كبسولات قهوة فورزا 40 ق,"1,100.00"
8711000390214,لور كبسولات قهوة ريستريتو 40 ق,"1,100.00"
8711000386293,لور كبسولات قهوة اونكس 40 ق,"1,100.00"
8711000360316,لور كبسولات قهوة لونجو بروفوندو 20 ق,600.00
8690574114450,ليبتون ايس تي مانجو 330 مل,70.00
8690574114412,ليبتون ايس تي بطيخ 330 مل,70.00
3168930178064,ليبتون ايس تي تروبيكال 330 مل,70.00
8690574114726,ليبتون ايس تي خوخ 330 مل,70.00
5997264103538,ليبتون ايس تى زيرو ليمون 500 ملل,100.00
8690574114948,ليبتون ايس تي خووخ 330 مل,75.00
5997264103453,ليبتون ايس تى جرين 500 ملل,100.00
5997264103514,ليبتون ايس تى زيرو خوخ 500 ملل,100.00
3168930159988,ليبتون ايس تي توت 330 مل,70.00
5997264103439,ليبتون ايس تي خوخ 500 مل,100.00
3168930162711,ليبتون ايس تي بطيخ نعناع 330 مل,70.00
8001160003513,ليبتون ايس تي ليمون نعناع 330 ملل,50.00
5997264104832,ليبتون ايس تى فراولة 500 ملل,100.00
8690574114443,ليبتون ايس تي ليمون نعناع 330 مل,70.00
8001160003520,ليبتون ايس تي خوخ 330مل,75.00
8690574116836,ليبتون ايس تي توت ازرق 330 ملل,75.00
8690574114801,ليبتون ايس تي خووخ 330 مل,75.00
8000990118800,ليبتون ايس تي ليمون 500 مل,100.00
8722700023715,ليبتون ايس تي جرين زيرو 500 مل,95.00
8001160003537,ليبتون ايس تى ZERO ليمون 330 ملل,70.00
8000990118817,ليبتون ايس تي خوخ 500 مل,100.00
3502110009234,ليبتون ايس تي ليمون نعناع 330مل,70.00
4017100104503,بسكويت ليبينز سادة 100 جم,110.00
8850718803347,ليز ستاكس اورجينال 100 جم,180.00
3168930162599,ليز ستاكس ساور كريم 170 جم,120.00
28400055116,ليز ستاكس شيدر 155.9 جم,180.00
28400055093,ليز ستاكس اوريجينال 163 جم,180.00
8936079125387,ليز ستاكس اوريجينال 100 جم,180.00
8850718804573,ليز ستاكس ساور كريم 100 جم,180.00
3168930162575,ليز ستاكس اورجينال 170 جم,120.00
28400055109,ليز ستاكس باربكيو 155.6 جم,180.00
3168930162612,ليز ستاكس باربكيو 170 جم,120.00
8850718803873,ليز ستاكس استاكوزا سبايسي 100 جم,180.00
8850718808410,ليز ستاكس حبار حار 100 جم,180.00
6224003060029,ليف ايس تي خوخ 250 مل,15.00
6224003060173,ليف ايس تي اناناس 250 مل,15.00
6224003060111,ليف ايس تي ميكس بيري 250 مل,15.00
8003340090177,ليندت ليندور ليت ميلك 200 جم,560.00
3046920022071,ليندت اكسلانس بستاشيو 100 جم,280.00
3046920028721,ليندت اكسلانس 99 % دارك 50 جم,350.00
3046920023337,ليندت اكسلانس دارك برتقال لوز 100 جم,280.00
4000539365201,ليندت ليندور وايت 136 جم,320.00
8013108699504,ليندت سبريد بندق 200 جم,600.00
7610400010429,ليندت ليندور بار وايت 100 جم,300.00
4000539109966,ليندت ليندور سالت كراميل 137 جم,320.00
3046920047883,ليندت سينسشن توت 160 جم,400.00
3046920529327,ليندت ليندور قلب 62 جم,300.00
3046920013871,ليندت ميلك ليت اكسترا فاين 100 جم,280.00
3046920042963,ليندت ليندور ميلك ليت 150 جم,350.00
7610400092180,ليندت ليندور بار سالت كراميل 100 جم,300.00
3046920040259,ليندت سينسشن 85% ميلك فشار 140 جم,400.00
3046920047302,ليندت كريشن ميلك فرابيه ليمون 150 جم,350.00
4000539408205,ليندت ليندور 60% كاكاو 136 جم,320.00
7610400073776,ليندت ميلك شوكلت 300 جم,600.00
3046920013857,ليندت ميلك نوير اكسترا 100 جم,280.00
8003340098920,ليندت ليندور سالتد كراميل ميني 200 جم,420.00
3046920014281,ليندت اكسلانس باليت رقاقات 100 جم,280.00
8003340090276,ليندت ليندور مشكل ميني 200 جم,420.00
3046920021647,ليندت اكسلانس بالبذور 100 جم,300.00
3046920040686,ليندت كريشن وايت روشيه جوزهند 150 جم,350.00
3046920029759,ليندت اكسلانس 90% كاكاو,280.00
3046920047852,ليندت سينسشن 90% ليت كريسبي 140 جم,400.00
7610400087339,ليندت جراند 33% نوجا لوز 150 جم,450.00
3046920020213,ليندت جراند نوير بندق 225 جم,450.00
3046920021630,ليندت كريشن ميلك توت 150 جم,380.00
8003340098487,ليندت ميني بيض مشكل 180 جم,200.00
8003340072968,ليندت ليندور ميكس 200 جم,420.00
7610400030632,ليندت ليندور وايت بلانك - وايس 200 جم,450.00
3046920028363,ليندت اكسلانس 85% كاكاو,280.00
3046920013789,ليندت اكسلانس باليت دانتيل 100 جم,280.00
7610400066211,ليندت بندق 34% نوير 150 جم,400.00
8003340097169,ليندت ليندور بندق ميني 200 جم,420.00
7610400066198,ليندت وايت 32 % لوز 150 جم,380.00
3046920042888,ليندت كريشن روشيه بندق 150 جم,350.00
8003340801346,ليندت ليندور وايت بلانك 200 جم,450.00
3046920040679,ليندت كريشن وايت روشيه بلانك 150 جم,350.00
3046920010382,ليندت اكسلانس كراميل ملح بحر 100 جم,280.00
7610400073752,ليندت ميلك شوكلت بندق 300 جم,600.00
7610400075770,ليندت بندق 34% - 150 جم,350.00
8003340073545,ليندت ليندور ميلك ليت 200 جم,580.00
3046920028752,ليندت اكسلانس دارك مينت 100 جم,280.00
3046920023368,ليندت اكسترا كريم 80 جم,500.00
7610400073875,ليندت دارك شوكلت بندق 300 جم,600.00
3046920045407,ليندت كريشن كراميل 150 جم,350.00
8003340090535,ليندت ليندور ميلك ميني 200 جم,420.00
3046920013888,ليندت ميلك نوزيت 100 جم,280.00
3046920021777,ليندت اكسلانس كراميل بندق 100 جم,280.00
3046920021005,ليندت ليندور بار ميلك 100 جم,300.00
7610400084222,ليندت جراند وايت فراوله & لوز 150 جم,400.00
7610400084215,ليندت جراند ميلك بندق 150 جم,400.00
3046920011235,ليندت سينسشن 90% دارك كريسبي 140 جم,400.00
3046920022651,ليندت اكسلانس دارك 70 % 100 جم,320.00
7610400070577,ليندت اكسلانس فلفل 100 جم,280.00
4000539103568,ليندت ليندور دارك 37 جم,200.00
7610400075794,ليندت وايت 32 % لوز 150 جم,380.00
4000539119989,ليندت ليندور بستاشيو 137 جم,600.00
7610400069267,ليندت لوز & برتقال 300 جم,650.00
3046920029674,ليندت اكسلانس دارك ملح بحر 100 جم,280.00
3046920020206,ليندت جراند ليت بندق 225 جم,450.00
3046920013864,ليندت ميلك دابل ليت 100 جم,280.00
7610400078788,ليندت بندق 34% - 150 جم,350.00
4000539389207,ليندت ليندور ميشونج 137 جم,320.00
3046920043489,ليندت كريشن كريم بورليه 150 جم,450.00
4000539396786,ليندور ليتشى كارميل 38 جم,200.00
3046920047708,ليندت كريشن ميلك بندق مقشر 150 جم,350.00
8003340803500,ليندت ليندور ميلش 137 جم,320.00
4000539113369,ليندت ليندور دبل تشوكلت 137 جم,370.00
3046920027281,ليندت اكسلانس كراميل دارك ملح بحر 100 جم,280.00
7610400073851,ليندت دارك شوكلت 300 جم,600.00
4000539363108,ليندت ليندور ميلك 38 جم,200.00
3046920014359,ليندت اكسلانس باليت كاكاو 100 جم,280.00
3046920022606,ليندت اكسلانس دارك 85 % 100 جم,330.00
7610400014571,ليندت سويس وايت 100 جم,280.00
3046920028370,ليندت اكسلانس دارك بالبرتقال 100 جم,280.00
7610400082549,ليندت ليندور ميلك ميلش 200 جم,450.00
3046920023443,ليندت اكسترا كريم دارك شوكليت 80 جم,500.00
3046920023351,ليندت اكسترا كريم بندق 80 جم,500.00
3046920023429,ليندت اكسترا كريم سولتد كارميل 80 جم,500.00
3046920028004,ليندت اكسلانس 70% كاكاو 100 جم,280.00
7610400085946,ليندت جراند 31% لوز 150 جم,400.00
8003340801544,ليندت ليندور 60% كاكاو 100 جم,280.00
7610400075787,ليندت بندق 34% - 150 جم,350.00
8003340094052,ليندت ليندور دارك 70% كاكاو 200 جم,450.00
8003340098470,ليندت ميني بيض برالين 180 جم,180.00
4000539280788,ليندت اكسلانس 70% ديلكاتو 100 جم,280.00
7610400013857,ليندت ميلك شوكليت 300 جم,650.00
7610400066204,ليندت جراند بندق 34% نوزيت 150 جم,400.00
7613287756633,ليون شيكولاته 2 باك 60 جم,75.00
8445290466167,ليون شيكولاته براوني 40 جم,45.00
8445291231214,ليـون وايت 60 جم,95.00
7613287910776,ليون شيكولاته فول سوداني 41 جم,45.00
7613034675842,ليون ميني 10 ق - 198 جم,250.00
7613287109514,ليون شيكولاته باك 5 ق,220.00
7613287910561,ليون شيكولاته 42 جم,75.00
6223000227602,باكيت صوص ماجيك مومينتس 6 زجاجة,100.00
6223011330346,ماجيكال مارشزون فريز 65 جم,20.00
6223011330599,مارشزون ميني تويست 150 جم,50.00
5000159558556,مارس مينتشرز 150 جم,225.00
4011100023710,مارس مينتشرز 150 جم,220.00
8691216105805,هاريبو مارشميلو بجوز الهند 62 جم,75.00
6224003295018,فلاف ميلو مارشميلو فرايز 1 ق,20.00
6223006534599,ريلفنت مارشميلو كيتي 100 جم,30.00
6223006534544,ريلفنت مارشميلو ابيض ازرق 40 جم,10.00
6223011330803,مارش زون مينيز 150 جم,45.00
6223006534537,ريلفنت مارشميلو ابيض زرافه 40 جم,10.00
6223006534520,ريلفنت مارشميلو ابيض 40 جم,10.00
6223011331183,مارش زون سبورتس مارشميلو 65 جم,20.00
6223006534551,ريلفنت مارشميلو ابيض نمور 40 جم,10.00
6224008528180,مارش زون مارشميلو باربكيو 150 جم,50.00
6224002137258,سمايل مارشميلو نودلز 35 جم,15.00
6223011330568,مارشزون سويس رول 150 جم,50.00
6223011331343,مارشزون بلو & وايت 150 جم,50.00
6223011330605,مارشزون ميكس رولز 150 جم,50.00
6223006534582,ريلفنت مارشميلو 200 جم,45.00
6224003295025,فلاف ميلو مارشميلو نودلز صوص فراوله 60 جم,25.00
6224003295056,فلاف ميلو مارشميلو بانانا 120 جم,30.00
6224003295063,فلاف ميلو مارشميلو كاندي 120 جم,30.00
6223011330575,مارش زون مارشميلو بينك & وايت 150 جم,50.00
8691216095472,هاريبو مارشيملو بينك & وايت 25 جم,30.00
6223006534575,ريلفنت مارشميلو غابه 100 جم,30.00
6223011331404,مارش زون هوت دوج مارشميلو 15 جم,5.00
810001470074,مانوكا عسل 500 جم,"5,000.00"
9421907220734,مانوكا عسل +60 بروس 500 جم,"3,000.00"
658196001167,MANUKA HONEY 500 G ( UMF 12* MGO 354 ),"4,500.00"
9421907220710,مانوكا عسل +40 بروس 500 جم,"3,000.00"
9419256072432,مانوكا عسل 250 جم UMF,"2,500.00"
6224002148193,مايتى كريسبي رايس كيك غير مملح 106 جم,40.00
6224002148216,مايتى كريسبي رايس كيك مملح 106 جم,40.00
6224002148223,مايتى كريسبي رايس كيك بذور الشيا & الكينوا 106 جم,40.00
6224002148360,مايتى كريسبي رايس كيك الدرة غير مملح 106 جم,40.00
6224002148209,مايتى كريسبي رايس كيك براون المملح 106 جم,40.00
6224002148230,مايتى كريسبي رايس كيك متعدد الحبوب 106 جم,40.00
8445291135895,مايسن برير تفاح & كرز 330 مل,80.00
8445291046818,مايسن برير فراوله & كيوي 330 مل,80.00
8445291047051,مايسن برير جوافه & ليمون 330 مل,80.00
8445291135925,مايسن برير مانجو & اناناس 330 مل,80.00
8716200674942,ابو قوس حليب مبخر 170 جم,85.00
8716200604604,كوست مبخر 170 جم,40.00
8716200675024,ابو قوس حليب لايت 170 ملل,75.00
4003490017134,حليب مانا مبخر 170 جم,45.00
9501033111578,بوك حليب مبخر 410 جم,100.00
9501033111004,المدهش حليب مبخر 170 جم,80.00
5711953019579,بوك شرائح جبن شيدر 10 ق,120.00
8716200675048,ابو قوس حليب هيل 170 ملل,75.00
9501033111561,بوك لبن مبخر 170 جم,50.00
8716200680264,ابو قوس حليب مبخر مسالا 170 جم,75.00
8691707140032,امادا ستيكس بندق 32 جم,50.00
8691707140049,امادا ستيكس ميلك تشوكليت 40 جم,50.00
8690627021902,محمد افندي قهوه تركي 6 جم,15.00
8690627023500,محمد افندي قهوه تركي 500 جم,700.00
8690627121206,محمد افندي قهوة تركي 100 جم,130.00
8690627000099,محمد افندى قهوة تركي 250 جم + كنكة هدية,380.00
8690627000310,محمد افندي قهوه تركي 12 * 6 جم,150.00
8690627023401,محمد افندي قهوة تركي 250 جم,350.00
8411037885133,مستر براونى تشيزكيك 200 جم,190.00
8411037884013,مستر براونى شوكليت براونيز 50 جم,60.00
8411037892322,مستر براونى برتقال براونيز 200 جم,190.00
8411037884945,مستر براونى كاروت كيك 200 جم,190.00
8411037884624,مستر براونى وايت شوكليت براونيز 200 جم,190.00
8411037884952,مستر براونى كراميل براونيز 200 جم,190.00
8411037892469,مستر براونى جلاكت براونيز 50 جم,60.00
8411037892490,مستر براونى جلاكت براونيز 200 جم,190.00
4710085235506,مستر براون ايس كوفي مكاديميا 330 مل,70.00
8411037885225,مستر براونى كيك شيكولاته بدون سكر 200 جم,200.00
8411037885232,مستر براونى جولتين فرى شوكليت براونى 150 جم,225.00
8411037800037,مستر براونى شوكليت براونيز 200 جم,190.00
8411037892308,مستر براونى بلونديز 200 جم,190.00
8411037885218,مستر براونى كوكيز براونيز 168 جم,225.00
8411037884631,مستر براونى وايت شوكليت براونيز 50 جم,60.00
667342800172,مستر براونى بلونديز 50 جم,60.00
4710085204427,مستر براون ايس كوفي 330 مل,70.00
1230000168847,مستر بيست شوكليت كوكيز & كريم 60 جم,280.00
1230000168021,مستر بيست شوكليت زبده الفول السودانى 60 جم,280.00
90153433,تويست اند درينك توت بري 200 مل,45.00
8056249561002,مشروب بوبل توت 360 جم,220.00
6281060100082,سيزار عصير فواكه مشكله 250 مل,60.00
6281020318236,لونا قهوه مثلجه اورجينال 195 جم,75.00
6281060043112,سيزار عصير اناناس 250 مل,60.00
6224003818118,زيرو فيت اوه عصير ليمون نعناع 290 مل,20.00
6281060043617,سيزار عصير مانجو 250 مل,60.00
3052911632013,مونين سيرب بلوبيرى 700 ملل,580.00
9002490100056,ريدبل زجاج 330 مم,220.00
90153440,تويست اند درينك توت 200 مل,45.00
6281060041019,سيزار عصير برتقال & جزر 250 مل,60.00
6281060056518,سيزار عصير برتقال 250 مل,60.00
4711476002431,بيو بو كوفى اوريجينال 240 مل,50.00
90153488,تويست اند درينك فراوله 200 مل,45.00
76406008155,جومكس عصير جوزهند 310 مل,90.00
8056249560982,مشروب بوبل تروبيكال 360 جم,220.00
6281060101980,سيزار عصير تفاح 250 مل,60.00
6224003818095,زيرو فيت اوه عصير مانجو 290 مل,15.00
6224011241090,بيناكولا لادا v7 300 ملل,20.00
6281020318335,لونا قهوه مثلجه موكا 195 جم,75.00
9002490100056,ريدبل زجاج 330 مم,220.00
22150,زجاجه مياه زمزم 330 ملل,150.00
3052910023621,مونين سيرب بينا كولادا 700 ملل,580.00
8936177704644,مياه جوز الهند النقي 330 ملل,75.00
11101478,كوفي وانس انواع 1 ق,350.00
6224003818125,زيرو فيت اوه عصير جوافه 290 مل,20.00
3052911436031,مونين سيرب كراميل شوجر فرى 700 ملل,600.00
3052911286797,مونين سيرب كراميل شوجر فرى 250 ملل,300.00
8850227021171,تاي مشروب جوزهند 520 مل,150.00
3052911436048,مونين سيرب فانيليا شوجر فرى 700 ملل,600.00
9002490100056,ريدبل زجاج 330 مم,220.00
4987035481911,مشروب فيتامين سي اليابانى 12 ملل,35.00
4711476002684,بيو بو كوفى كابتشينو 240 مل,50.00
4711476002783,بيو بو كوفى فانيلا 240 مل,50.00
8056249561019,مشروب بوبل خوخ 360 جم,220.00
90153419,تويست اند درينك كرز 200 مل,45.00
6287006530012,كيف المسافر بالهيل 1 لتر,150.00
6223004403859,فرابيه سبانيش لاتيه 35 جم,20.00
6223004403927,فرابيه شيكولاته بندق 35 جم,20.00
6223004403026,فرابيه كراميل 35 جم,20.00
6223004403033,فرابيه كوفي 35 جم,20.00
8699415433156,محبوبه سحلب 20 جم,25.00
5056357906255,مالتيزرس هوت شوكليت 225 جم,300.00
6773505593059,مشروب طاقه CR7 - شيري 591 مل,70.00
6773505593035,مشروب طاقه CR7 - لمون & نعناع 591 مل,70.00
6773505593233,مشروب طاقه CR7 - زيرو ليمون نعناع 591 مل,70.00
6773505593219,مشروب طاقه CR7 - زيرو برتقال 591 مل,70.00
6773505593240,مشروب طاقه CR7 - زيرو عنب 591 مل,70.00
5999884034469,هييل مشروب طاقه 250 مل,35.00
8697459290445,اوبر مشروب طاقه 250 مل,60.00
6773505593226,مشروب طاقه CR7 - زيرو ميكس بيري 591 مل,70.00
6773505593042,مشروب طاقه CR7 - عنب 591 مل,70.00
6773505593264,مشروب طاقه CR7 - زيرو بينك ليموناده 591 مل,70.00
6773505593011,مشروب طاقه CR7 - برتقال 591 مل,70.00
6773505593004,مشروب طاقه CR7 - بلوبيري 591مل,70.00
6773505593202,مشروب طاقه CR7 - بلوبيري 591 مل,70.00
6773505593028,مشروب طاقه CR7 - ميكس بيري 591 مل,70.00
8429359712532,اب جريد هيدريشن ازرق 50مل,150.00
5449000330680,باوريد مشروب طاقه 500 مل,35.00
6773505593066,مشروب طاقه CR7 - ليموناده بينك 591 مل,70.00
6224009981014,اديو موهيتو 350 مل,20.00
6224009981458,اديو ليمون & توت & نعناع 350 مل,20.00
6224009981045,اديو كولا 350 مل,20.00
6270290000125,فلاش مشروب غازي -لبني 250 مل,130.00
6224009981083,اديو يوسفي & مندرين 350 مل,20.00
12000803079,شاني فواكهه 250 مل,90.00
12000804502,ميرندا حمضيات 250 مل,100.00
6223001361046,ماونتن ديو 320 مل,20.00
12000801655,بيبسي 150 مل,50.00
6224009981441,اديو ليمون & فراوله 350 مل,20.00
6224009981069,اديو توت احمر 350 مل,20.00
6224009981076,اديو عنب & توت 350 مل,20.00
6270290000286,فلاش مشروب غازي - بينك 250 مل,130.00
12000803055,شاني فواكهه 150 مل,40.00
6224009981021,اديو ليمون & زنجبيل 350 مل,20.00
8005533010504,ترينكيتو مشروب فراوله 70 مل,30.00
5011061105042,بيج ليك ساور كاندي بلو 60 مل,65.00
5011053019302,مصاصة بوش بوب بالكشمش الاسود,50.00
5011053021404,مصاصة بوش بوب بالكولا,50.00
53993540,تورنادو لولي بوب بينك 1 ق,25.00
53993564,تورنادو لولي بوب ساور توت 32 جم,30.00
53993533,تورنادو لولي بوب اصفر 1 ق,30.00
6923450542903,كاندي مصاصه مسدس 3 جم,65.00
5011061105066,بيج ليك ساور كاندي بربيل 60 مل,70.00
10,تشوبا تشوبس مصاصه 9.3 جم,10.00
53993571,مصاصه تورنادو بوبس ساور 1 ق,30.00
15,بيج بوم مصاصه اطعم - 1 ق,15.00
6931722316695,لعبة مصاصة مسدس10 جم,85.00
74305001321,براج خل تفاح 946 مل,700.00
8028277007357,مازا خل تفاح 1 لتر,250.00
8000066448787,خل بلسمك,300.00
20041663,نيكس انشوجه زيت يوناني 140 جم,180.00
6291021765502,جبنه بوك كريمى 240 جم,250.00
8076809572569,باريلا بيستو فيجان 195 جم,70.00
74305001161,براج خل تفاح 473 مل,450.00
821522461236,اتيكا ورق عنب 280 جم,70.00
5711953153105,شيدر مطبوخه كرافت صفيح 100 جم,100.00
8410134053902,فرجاتا زيتون محشى فلفل احمر 350 جم,200.00
6263083201090,صديق زعفران 1 جم,200.00
6253805187467,دوبلين لوتس 1ك,560.00
6260485000849,زعفران ايرانى 1 جم,200.00
6291021778908,جبنه بوك الاصليه 500 جرام,600.00
8076809517881,باريلا بيستو ريكوتا & عين جمل 190 جم,70.00
6084012090444,كرافت شيدر مطبوخه صفيح 100 جم,100.00
8690804413667,صنتات ورق عنب 280 جم,70.00
9300602357658,دولمادس ورق عنب 280 جم,65.00
6281100031123,رنا شطه خضراء هالبينو 100 مل,100.00
8011459000741,اسبراجوص ابيض مقشور 330 جم,300.00
6281020173187,لونا حليب بوفيه 410 جم,85.00
6281100032052,رنا خل التفاح 474 مل,100.00
5760466738095,جبنة بوك 240 جم,250.00
6132500711125,المرجان كريمة البندق المحمص 200 جم,185.00
6281016958323,شيبسي البطل تيكيتا 65 جم,70.00
4088500657814,ميلساني كريم شانتيه سبراي 250 مل,320.00
8410134107063,فرجاتا زيتون محشى كابر,150.00
6271028091606,الصيداوي طحينه سمسم بيضاء 500 جم,300.00
4056489906117,نيكس تونه سلطه هاي بروتين 170 جم,350.00
6084012090192,كرافت تشدر جبنة قابلة للدهن 230 جم,260.00
4056489906100,نيكس تونه سلطه 140 جم,300.00
6281048108918,جبنة بوك 240 جم,250.00
8906090543163,الطاهي مسحوق كاري 500 جم,200.00
7500810001592,تاكيس ويف فيجو 71 جم,180.00
8410134082056,فرجاتا زيتون محشى الموند 200 جم,150.00
5711953164088,جبنة بوك 240 جم,250.00
8410134053704,فرجاتا زيتون محشى سلمون 350 جم,200.00
8410134107100,فرجاتا زيتون محشى جبنة ريكفورد 200 جم,150.00
6281020293236,لونا حليب مكثف محلي 370 جم,120.00
840370900636,كرافت جبنة بارمزان بودر 85 جم,450.00
6281016731612,شيبسى البطل فلفل حار 110جم,90.00
6271028091576,الصيداوي طحينه سمسم بيضاء 250 جم,200.00
150,الوزان تونا قطعه كامله دوار شمس 160 جم,150.00
6223003391355,دريا ارز بسمتى ذهبي 1 كجم,75.00
8410134002580,فرجاتا زيتون محشى تونه 300 جم,170.00
2654198498415,محمد ساكتى زعفران 1 جم,200.00
8410134106950,فرجاتا زيتون محشى هالبينو,150.00
34000052004,هيرشيز كاكاو غير محلي 226 جم,650.00
6281016012209,ميموريز دايجيستيف 250 جم,65.00
8410134603800,فرجاتا كابريس 99 جم,150.00
6281016900506,شيبسى البطل جبنة 110جم,90.00
6084012090475,كرافت جبنة شيدر 190 جم,200.00
6223003391331,دريا ارز بسمتى ابيض 1 كجم,75.00
6281016900469,شيبسى البطل كاتشب 110جم,90.00
6281020172647,لونا حليب بوفيه 170 جم,65.00
717273501874,امريكان جاردين صويا صوص 295 مل,200.00
21000067060,كرافت مكرونه ماك & تشيز 206 جم,160.00
6261108045704,نوفين زعفران 1 جم,200.00
5760466738040,جبنه بوك الاصليه 500 جرام,600.00
21000028092,كرافت ماك & تشيز 206 جم,200.00
6271006711717,الوزان تونه قطعه واحده زيت دوار شمس 160 جم,150.00
11210000018,تاباسكو صوص حار 59 مل,200.00
4056489722595,نيكس انشوجه 84 جم,350.00
6132500711040,المرجان كريمه البندق المحمص 700 جم,500.00
4056489664567,كولو جران سكر دايت 1200 ق - 72 جم,250.00
6281048103104,بوك قشطه قيمر 250 مل,85.00
6261683700456,فرمند زعفران 1 جم,200.00
6253805187528,دوبلين فسدق 1ك,750.00
6084012090161,كرافت جبنه شيدر 140 جم,200.00
6225000660144,مستر فرايز ميكس اورجينال 400 جم,70.00
6225000660137,مستر فرايز ميكس سبايسي 400 جم,70.00
11110633,مقرمشات بالوزن,0.00
8001200045091,مكرونة اجينيسي لينجوين 500 جم,160.00
111101159,مكسرات ميكس بالوزن,0.00
111103699,قمر الدين بونبون بالوزن,0.00
50340369,بيكان بالقشر 500 جم,600.00
111101983,لوز غير محمص 18/20 بالوزن,0.00
11110774,فستق امريكي محمص بالوزن,0.00
6225000559523,الاحلام تمر هندي 300 جم,100.00
111101652,بندق محمص بالوزن,0.00
111102351,مكاديميا اطعم 500 جم - اجرو فارم,550.00
111102352,مكاديميا فانيلا بالوزن,0.00
111101985,مشمشيه رقم 1 بالوزن,0.00
11110775,لوز جامبو محمص بالوزن,0.00
6210701588095,الاحلام قمر الدين 400 جم,120.00
111102045,تين سوري رقم 7 بالوزن,0.00
111101984,قراصيا مخليه بالوزن,0.00
6225000394810,السعيد تين مجفف 300 جم,170.00
111101653,كاجو 240 مدخن بالوزن,0.00
11110776,عين جمل امريكي بالوزن,0.00
11110648,كاجو 180 بالوزن,0.00
5000204893762,منظف جوديردز فضي 125 ملل,400.00
4606068296032,كافيار اولينتا من سمك الحفش 220 جم,400.00
4606068296025,كافيار اولينتا من سمك السلمون 220 جم,400.00
6224002622068,Vie فراوله بسكويت 70 جم,90.00
4711931037091,رويال موتشي فانيلا كريمي 8 ق - 120 جم,160.00
6224002622013,Vie زبده كارميل 70 جم,90.00
4711931037015,رويال موتشي شوكليت 8 ق - 120 جم,160.00
4711931036988,رويال موتشي زبده فول سوداني 8 ق - 120 جم,160.00
6224002622037,Vie كرسبى & زبده لوز,90.00
6224002300140,سموتشي بينا كولادا 6 ق - 192 جم,200.00
4711931037008,رويال موتشي مينت شوكليت شيب 8 ق - 120 جم,160.00
4711931037060,رويال موتشي تشيز كيك فراوله 8 ق - 120 جم,160.00
4711931037077,رويال موتشي تراميسو & كريمي 8 ق - 120 جم,160.00
4711931036995,رويال موتشي كراميل مملح 8 ق - 120 جم,160.00
6224002622051,Vie كوكيز كريم 70 جم,90.00
4711931037107,رويال موتشي كريمي ماتشا لاتيه 8 ق - 120 جم,160.00
6224002622020,Vie موكا & زبده لوز 70 جم,90.00
4711931037084,رويال موتشي مابيل بان كيك 8 ق - 120 جم,160.00
6224002622044,Vie جوز هند & توت 70 جم,90.00
4711931036971,رويال موتشي كريمي جوزهند 8 ق - 120 جم,160.00
8850389103135,موجو موجو برتقال 320 مل,55.00
8850389106280,موجو موجو خوخ 320 مل,55.00
8850389103173,موجو موجو اناناس 320 مل,55.00
8850389103142,موجو موجو فراوله 320 مل,55.00
8850389103159,موجو موجو ليتشي 320 مل,55.00
8850389103166,موجو موجو مانجو 320 مل,55.00
8850389106273,موجو موجو جوزهند 320 مل,55.00
8850389112878,موجو موجو باشون فروت 320 مل,55.00
8850389116487,موجو موجو راسبيري 320 مل,55.00
8850389116753,موجو موجو بطيخ 320 مل,55.00
8850389103180,موجو موجو عنب 320 مل,55.00
8850389115367,موجو موجو بلاك كرانت 320 مل,55.00
6223013120075,موسي توت احمر 275 مل,25.00
6223013120105,موسي توت متلج 275 مل,25.00
6223013120167,موسي فراوله 275 مل,25.00
6223013120013,موسي خوخ 275 مل,25.00
6223013120044,موسي تفاح 275 مل,25.00
6223013120259,موسي اناناس 275 مل,25.00
6223013120198,موسي ليمون نعناع 275 مل,25.00
5060751216551,مونستر ماريبسو 500 مل,200.00
5060896627519,مونستر اناناس ابيض 500 مل,200.00
5060337501804,مونستر ابيض 500 مل,200.00
5060947540002,مونستر ايس ليموناده 500 مل,200.00
5060896625126,مونستر مانجو لوكو 500 مل,60.00
5060896627472,مونستر بطيخ 500 مل,200.00
5060947540040,مونستر بيبلين بانش 500 مل,200.00
5060751211693,مونستر باسيفك بانش 500 مل,200.00
5060896621661,مونستر مشروب طاقه الترا 500 مل,60.00
5060896622200,مونستر بطيخ زيرو شوجر 500 مل,200.00
5060166698874,مونستر اسود 500 مل,200.00
5060751212652,مونستر مشروب طاقه 500 مل,60.00
5060335632715,مونستر برتقال & ليمون الدكتور 500 مل,200.00
6224008513094,FLO مياه 600 ملل,18.00
6224008513018,FLO مياه 600 ملل,18.00
3068320017846,ايفيان مياه 1 لتر,100.00
6224009169016,مياه بيوفانا 18.9 لتر,110.00
6270290000224,فلاش مياه غازيه بنكهة التوت 250 ملل,150.00
6224008513056,FLO مياه 1.25 ملل,23.00
3068320099651,ايفيان مياه 500 مل,80.00
6224008513032,FLO مياه 330ملل,14.00
6288023200612,ماء زمزم 5 لتر,800.00
6270290000262,فلاش مياه غازيه بنكهة الزنجبيل 250 ملل,150.00
3068320055008,ايفيان مياه 500 مل,80.00
6270290000248,فلاش مياه غازيه بنكهة ليمون 250 ملل,150.00
6270290000200,فلاش مياه غازيه 250 ملل,150.00
6223001930501,مياه نستله 1.5 لتر,12.00
6223001930549,نستله مياه 600 مل,6.00
6225000378827,ايلانو مياه 600 مل,6.00
4810279008500,ميجا شيبس استاكوزا 50 جم,40.00
4810279008388,ميجا شيبس بسطرمه مدخنه 50 جم,40.00
4810279004830,ميجا شيبس فلفل تاي 50 جم,40.00
4810279008487,ميجا شيبس كباب 50 جم,40.00
4810279008340,ميجا شيبس طماطم سبايسي 50 جم,40.00
4810279008401,ميجا شيبس خل ليمون & اعشاب 50 جم,40.00
4810279000399,ميجا شيبس ساور كريم 50 جم,40.00
4810279008463,ميجا شيبس اورجينال 50 جم,40.00
4810279008449,ميجا شيبس فراخ 50 جم,40.00
4810279008364,ميجا شيبس ليمون & فلفل حار 50 جم,40.00
4810279000429,ميجا شيبس ساور كريم & جبنه 50 جم,40.00
8710502260025,ميربا كوكيز 25% شنكيز 150 جم,150.00
8710502470011,ميربا نوجاتيلي كوكيز بكريمه البندق 175 جم,170.00
46214230208,ميربا براوني كوكيز كريسبي 200 جم,180.00
46214731552,ميربا كوكيز بقطع الشيكولاته 225 جم,190.00
8710502447006,ميربا كوكيز كريمي فانيليا بندق 160 جم,170.00
8710502153013,ميربا كوكيز توت وايت شوكو 150 جم,160.00
4014400901191,ميرسي تشوكلت احمر 250 جم,450.00
4014400901405,ميرسي تشوكلت ازرق 250 جم,450.00
7622210544926,ميلكا وايت اوريو 100 جم,100.00
7622201413965,ميلكا ليو كابس 150 جم,200.00
7622210702326,ميلكا زبيب & مكسرات 270 جم,300.00
7622300292508,ميلكا شوكو ويفر 180 جم,250.00
7622202286476,ميلكا بـندق كامل 95 جرام,100.00
7622210999139,ميلكا نويسيتي 100 جم,100.00
7622300567606,ميلكا دايم قطع 145 جم,280.00
7622210369543,ميلكا بابلي وايت 95 جم,100.00
7622210999658,ميلكا اوريو سندوتش 92 جم,100.00
7622210078131,ميلكا دايم بسكويت 100 جم,100.00
7622202258312,ميلكا نويزت 250 جم,300.00
7622210611239,ميلكا تريبل كاكاو 90 جم,100.00
7622202257599,ميلكا بندق كامل 100جم,100.00
7622210615084,ميلكا تريبل كراميل 100 جم,100.00
7622202257520,ميلكا بابلي شوكليت 90 جم,100.00
5906747312107,ميلكا شوكو كوكيز 135 جم,150.00
7622201098483,ميلكا بابلي تشوكلت 90 جم,100.00
7622300200312,ميلكا بندق كامل 250 جم,300.00
7622202269790,ميلكا بندق وزبيب 100 جم,100.00
7622300200237,ميلكا البين ميلك 250 جم,300.00
7622210999160,ميلكا سوداني كريسبي كراميل 90 جم,100.00
7622210689597,ميلكا سنسيشن كوكيز شوكلت 156 جم,180.00
7622202257148,ميلكا بندق مكسر 90 جم,100.00
7622210999597,ميلكا بندق كامل 100 جم,100.00
7622202265884,ميلكا سنسيشن كوكيز اوريو 156 جم,200.00
7622210203359,ميلكا شوكو كاو 40 جم,40.00
7622210689610,ميلكا سنسيشن كوكيز 156 جم,190.00
7622300108137,ميلكا ميلكنيز 87.5 جم,100.00
7622210030597,ميلكا كراميل 100 جم,100.00
7622202271731,ميلكا نويسيتي 90جم,100.00
7622202266942,ميلكا سنسيشن كوكيز 52 جم,100.00
7622201098513,ميلكا بابلي وايت 95 جم,100.00
7622210413147,ميلكا شوك & شوك 150 جم,200.00
7622201098452,ميلكا قطع وايت 100 جم,100.00
7622210194046,ميلكا اوريو 100جم,100.00
7622202264153,ميلكا زبيب وبندق 90 جم,100.00
7622210371706,ميلكا بابلي وايت 95جم,100.00
7622300590970,ميلكا شوكو بسكويت 150 جم,200.00
7622202264085,ميلكا هابى كاو 90 جم,100.00
7622210063113,ميلكا كوكيز XL شوكو 184 جم,220.00
7622210999634,ميلكا وايت شوكلاته 100 جم,100.00
7622210683724,ميلكا تشيز كيك فراوله 300 جم,300.00
7622210544179,ميلكا اوريو وايت 100 جم,100.00
59939788,ميلكا ويفر بندق 30 جم,45.00
7622300105167,ميلكا ميلكنيز 87.5 جم,100.00
7622210262202,ميـلكا اوريو oreo 100 جم,95.00
7622210295965,ميلكا شوكو & كيك 175 جم,190.00
7622210999368,ميلكا فراوله كريمي 100 جم,100.00
7622210269249,ميلكا شيبس 100 جم,100.00
7622210999610,ميلكا موس تشوكلت 100 جم,100.00
7622300370367,ميلكا دايم بار 100 جم,100.00
7622201125752,ميلكا بسكويت بالكريمة 100 جم,100.00
7622210454362,ميلكا شيبس 100 جم,100.00
7622210240200,ميلكا اوريو ماكس 300 جم,220.00
7622202295058,ميلكا لوتس بيسكوف 90 جم,120.00
4025700001450,ميلكا زبادى 100 جم,100.00
7622210999535,ميلكا اكسترا كاكاو 100 جم,100.00
7622210999719,ميلكا LU بسكويت 87 جم,100.00
76224935,ميلكا ويفر 30 جم,45.00
7622210205728,ميلكا شوكو كاوو 40 جم,40.00
7622202209550,ميلكا بابلي البين ميلك 90 جم,65.00
7622200007769,ميلكا فراولة 300 جم,300.00
7622210612267,ميلكا فول سوداني & كراميل 276 جم,300.00
7622202209598,ميلكا بندق 85 جم,65.00
7622210999474,ميلكا البين ميلك ماكس 270 جم,220.00
7622210999108,ميلكا اوريو 100 جم,100.00
7622200009084,ميلكا شوكو & بسكوت 300 جم,220.00
7622300041496,ميلكا ميلكنيز 100 جم,100.00
7622201125721,ميلكا بسكويت & كريمه 100 جم,100.00
7622201787790,ميلكا شوكو كوكيز 300 جم,300.00
7622210384362,ميلكا اوريو 300 جم,300.00
7622210702623,ميلكا تريولايد 280 جم,300.00
4025700001962,ميلكا وايت شوكليت 100 جم,100.00
7622202265662,ميلكا وايت شوكليت 90 جم,100.00
7622210717061,ميلكا اوريو 37 جم,45.00
7622300590062,ميلكا توت 100 جم,100.00
7622210830043,ميلكا اوريو ساندوتش 100 جم,100.00
7622300441715,ميلكا شوكو ميني ستارز 150 جم,180.00
7622300498429,ميلكا فراوله زبادي 100 جم,100.00
7622200004515,ميلكا نويس ونوجت 300 جم,300.00
7622202269844,بندق مكسر 100 جم,95.00
7622202226885,ميلكا يوجرت 100 جم,100.00
7622201677879,ميلكا ويفر & مكسرات 270 جم,300.00
7622210073594,دايم سناكس 145 جم,250.00
4025700001023,ميلكا بندق مكسر 100 جم,100.00
7622202262630,ميلكا بندق مكسر 90 جم,100.00
7622300026752,ميلكا ديزيرت 100 جم,100.00
7622210702593,ميلكا نويست 270 جم,220.00
7622210652775,ميلكا شوكو براوني 150 جم,200.00
7622200007332,ميلكا فراولة 100 جم,100.00
7622210956163,ميلكا اوريو براوني 100 جم,100.00
7622201103064,ميلكا كراميل كريمي 100 جم,100.00
7622210818553,ميلكا شوكو ويفر 150 جم,160.00
7622210999221,ميلكا ساده 100 جم,100.00
7622210999412,ميلكا بندق مكسر 100 جم,100.00
7622210744883,ميلكا لوز كراميل 300 جم,300.00
7622202257124,ميلكا ساده 90 جم,100.00
3045140280902,ميلكا بندق وزبيب 100 جم,100.00
5998711723491,ميلكا كراميل كريم 100 جم,100.00
7622202257827,ميلكا ماكسي البين ميلك 250 جم,300.00
3045140280803,ميلكا ريزو سوفيتو 100 جم,100.00
7622210717696,ميلكا شوكو كريم 260 جم,250.00
7622210834751,ميلكا أوريو 100 جم,65.00
7622202262654,ميلكا اكسترا كاكو 90 جم,100.00
4025700001030,ميلكا نوسيت 100 جم,100.00
3800005103075,ميلكا بندق كامل 100جم,100.00
7622202265914,ميلكا سنسيشن كوكيز 156 جم,190.00
7622210275516,ميلكا شوكو & بسكويت 300 جم,300.00
3045140105502,ميلكا ساده البين 100 جم,100.00
7622202262708,ميلكا اكسترا كاكو 90 جم,100.00
7622300813208,ميلكا كوكيز XL مكسرات 184 جم,220.00
7622201152000,ميلكا اوريو سنسيشن كوكيز 156 جم,180.00
7622201098575,ميلكا توك 87 جم,100.00
7622210953421,ميلكا اوريو براوني 100 جم,100.00
7622300617820,ميلكا اوريو 100 جم,100.00
7622210826633,ميلكا فول سوادني كراميل 90 جم,100.00
7622201098544,ميلكا كريز 100 جم,100.00
7622202211102,ميلكا ساده 98 جم,65.00
7622202273452,ميلكا سادة 90 جرام,100.00
7622201492786,ميلكا شوكو ميني ويفرز 110 جم,180.00
7622201768836,ميلكا شيبس اوهاوي 100 جم,65.00
7622210417534,ميلكا توفي هول نات 300 جم,300.00
80979180,مينتوس بيور ازرق 30 جم,80.00
80840930,مينتوس نعناع مكثف 35 جم *50 ق,130.00
86945257,مينتوس ساور فراوله 15 ق,75.00
8935001714910,مينتوس صفيح 35 جم,130.00
8990800025704,مينتوس ميكس بيري 29.7 جم,15.00
8935001712282,مينتوس نعناع ازرق 50 ق,130.00
8935001716235,مينتوس خوخ 50 ق,130.00
80862154,مينتوس فاكهه الغابه 21 جم,75.00
8990800022567,مينتوس عنب احمر 29 جم,15.00
8935001716563,مينتوس فراولة 90 جم,125.00
8990800022543,مينتوس مينت 29 جم,20.00
8935001719502,مينتوس بيور فراوله 61.25 جم,120.00
80757474,بيج بابول فراوله 6 ق - 27 جم,30.00
8990800024486,مينتوس خوخ & برتقال 29 جم,20.00
8935001728269,مينتوس مينى بيور 17.5 جم,35.00
8935001717676,مينتوس بيور بطيخ 61.25 جم,120.00
8935001718079,مينتوس نعناع 17.5 جم,80.00
8901393024982,مينتوس نعناع ازرق برطمان 210 ق,450.00
8682790004462,مينتوس وايت شوجر فرى نعناع سنبلى 10 ق,70.00
80809494,مينتوس بيبرمنت شوجر فري 40 ق,100.00
8990800022574,مينتوس رينبو 29 جم,20.00
8935001724537,مينتوس بيور 16 جم فراوله,50.00
80757481,بيج بابول توتي فروتي 6 ق - 27 جم,30.00
80916499,مينتوس فراولة شوجر فري 40 ق,100.00
80977254,مينتوس سبيرمنت اخضر 40 ق,110.00
80914006,مينتوس نعناع طازج 21 جم,75.00
8935001719441,مينتوس برطمان 180 ق,450.00
8935001713388,مينتوس بيور ازرق 61.25 جم,120.00
8935001718093,مينتوس عنب ابيض 17.5 جم,80.00
8935001719519,مينتوس خوخ 17.5 جم,80.00
8682790004431,مينتوس وايت شوجر فرى توتى فروتى 10 ق,70.00
80861256,مينتوس بيور اخضر 30 جم,75.00
8935001711575,مينتوس فريش اكشن 56 جم,100.00
80829010,مينتوس نعناع مكثف 21 جم,75.00
80841142,مينتوس بيور فراوله 30 جم,80.00
80967118,مينتوس تروبيكال 60 جم,100.00
8935001712305,مينتوس سبيرمينت 50 ق,130.00
8682790004400,مينتوس وايت شوجر فرى نعناع 10 ق,70.00
80853985,مينتوس ليمون 21 جم,75.00
8991115500016,مينتوس فريش اكشن 100 جم,80.00
80969150,مينتوس بيور بطيخ 30 جم,80.00
80864233,مينتوس تروبيكال 40 ق,100.00
8935001724544,منتوس بيور نعناع 16 جم,50.00
80799467,مينتوس نعناع 35 جم * 50 ق,120.00
80756620,مينتوس بطيخ 24.5 جم,70.00
86945264,مينتوس بيور تفاح 30 جم,75.00
8990800022550,مينتوس فروت 29 جم,20.00
8935001718420,مينتوس وايت 42 ق,110.00
8935001714934,مينتوس ليمون 50 ق,130.00
80823438,مينتوس بابلي شوجر فري 40 ق,110.00
6287016610001,نجديه قهوه عربي هيل & زعفران 250 جم,500.00
8680530602558,كابري قهوه تركي 6*7 جم,450.00
6287016610520,نجديه قهوه سعوديه 25 جم,250.00
6224001733215,سويس فرو بلوند كنافه بندق 150 جم,180.00
6287016610056,نجديه قهوه سعوديه 6*10 جم,450.00
6224001733208,سويس فرو ميلك كنافه بندق 150 جم,180.00
6287016610063,نجديه قهوه سعوديه 40 جم,110.00
6287016610070,نجديه قهوه عربي هيل & زعفران 5*40 جرام,500.00
7630585326627,نسبريسو كبسولات Vertuo Orafio,750.00
7630585382807,نسبريسو كبسولات ريسترتو 10 ق,550.00
7630585333205,نسبريسو لونجو فورتادو 8,750.00
7630099231431,نسبريسو توكانتو 5,750.00
5012547002886,كوستا Honduran roast 8 كبسولات 10 ق,300.00
11103065,Candy Club - Capsules NES 10 PC,400.00
7630751791655,نسبريسو كبسولات Vertuo Roasted Hazelnut,750.00
7630585344799,نسبريسو كبسولات Vertuo - Ginseng Delight,750.00
7630585328089,كبسولات نسبرسو اربيجو اكسترا,550.00
7630311514885,نسبرسو ماكينه اسينزا مينى,"10,000.00"
7630311562466,نسبريسو ماكينه قهوه Vertuo,"12,000.00"
8004399020399,نسبريسو ماكينه قهوه لاتزيما وان,"20,000.00"
7630585325828,نسبريسو كبسولات Vertuo Diavolitto,750.00
8004399327924,نسبريسو ماكينه قهوه انيسيا - اسود,"10,000.00"
7630428719012,نسبريسو كازار كبسولات 60 جم,550.00
7630585383606,كبسولات نسبرسو ARPIGGIO,550.00
7630585370859,نسبريسو باريستا كراميل 50 جم,550.00
7630428718275,نسبريسو نابولي كبسولات 57 جم,550.00
7630585377872,كبسولات نسبرسو volluto,550.00
7630428722975,نسبريسو فيينا لانجو كبسولات 55 جم,550.00
7630311549634,نسبريسو نيكاراجوا 10 ق,550.00
7630585321745,نسبريسو كبسولات Vertuo Mexico,750.00
7630585316949,نسبريسو كبسولات Vertuo Inizio,750.00
7630585339252,نسبريسو كبسولات Vertuo IL Caffe,750.00
7630311566440,نسبريسو ماكينه اريكينو 4,"7,000.00"
7630585370101,كبسولات نسبرسو نيكاجرا,550.00
7630428718213,نسبريسو كبسولات نابولي 57 جم,550.00
5012547001735,كوستا Signature Blend 8 كبسولت 10 ق,300.00
7630585315959,نسبريسو ريسترتو انتنسوا,750.00
7630585371337,نسبريسو كبسولات نوكيلا بندق 10 ق,550.00
7630585315775,نسبريسو ريسترتو كلاسيك,750.00
7630585321349,نسبريسو كبسولات Vertuo El Salvador,750.00
7630099287544,نسبريسو ايطاليان كازار 10 ق,550.00
7630585378886,نسبريسو ايطاليان كازار 10 ق,550.00
7630751792133,نسبريسو كبسولات Vertuo Rich Chocolate,750.00
7630311550357,نسبريسو كولمبيا كبسولات 57 جم,550.00
7630585385808,نسبريسو كبسولات نابولي 57 جم,550.00
7630585326054,نسبريسو التيسو 9,750.00
7630585325606,نسبريسو كبسولات Vertuo Melozio,750.00
7630585312811,نسبريسو باريس كبسولات 50 جم,550.00
7630751791969,نسبريسو كبسولات Vertuo Golden Caramel,750.00
7630311562848,نسبرسو ماكينه فيرتو,"10,000.00"
7630751790870,نسبريسو كبسولات Vertuo Sweet Vanilla,750.00
7630585316789,نسبريسو كبسولات Vertuo Arondio,750.00
7630585327105,نسبريسو كبسولات Vertuo Costa Rica,750.00
7630585383484,نسبرسو كبسولات ربيجيو 9,550.00
7630585326320,نسبريسو كبسولات Vertuo Voltesso,750.00
5012547001773,كوستا Bright Blend 6 كبسولات 10 ق,300.00
7630585398525,نسبريسو كبسولات بستاشيو فانيلا 10 ق,650.00
7630585370644,كبسولات نسبرسو روما - 8,600.00
7630585326948,نسبريسو دابل اسبرسو دولسي 5,750.00
7630585384221,نسبريسو كبسولات ايطاليان فانيلا 10 ق,550.00
7630585378626,نسبريسو كازار ايطاليان 10 بودز 12 انتنسي,550.00
8004399327931,نسبريسو ماكينه قهوة انيسيا - ابيض,"10,000.00"
5012547001681,كوستا قهوة 200جم,400.00
7630585369099,نسبريسو باريستا كريشن فانجيلا 10 ق,550.00
7630585371276,نسبريسو نيكولا بندق 10 ق,550.00
7630428720681,نسبريسو ريستريتو كبسولات 57 جم,550.00
7630099233923,نسبرسو كبسولات - sweet almond & hibiscus,750.00
7630585331874,نسبريسو كبسولات Vertuo D.E Chiaro,750.00
7630428718954,نسبريسو كبسولات كازار 60 جم,550.00
7630585321585,نسبريسو كبسولات Vertuo Colombia,750.00
7630428720520,نسبريسو كبسولات روما 10 ق,550.00
7630428732646,نسبريسو باريستا فانجيليا 50 جم,550.00
7630585312422,نسبريسو كبسولات Vertuo Bianco Piccolo,750.00
7630585333427,نسبريسو دابل اسبرسو سكور 11,750.00
7630585380926,نسبريسو كبسولات اسطنبول سبريسو 10 ق,550.00
7630585344454,نسبريسو ستورم جو 8,750.00
7630039669386,ماكينه نسبرسو باريستا,"20,000.00"
7630585344126,نسبريسو فيفادا,750.00
7630428720629,نسبريسو كبسولات ريسترتو 10 ق,550.00
7630585327808,نسبريسو ستورم MUG,750.00
7630099276371,كبسولات نسبريسو نيكولا بندق 10 ق,550.00
7630585344614,نسبريسو كبسولات Vertuo Melozio Go,750.00
7630585370422,كبسولات نسبرسو اربيجو ديكاف,550.00
7613287898593,نستله ايرو شوكليت ميلتس 92 جم,185.00
8690632017884,نستله شيكولاته كرانش 31.5 جم,35.00
7613039896167,نستله ايرو بابل شوكليت 90 جم,190.00
8593893788251,نستله ايرو شوكلت 18 جم,70.00
8690632712123,داماك شيكولاته بالفستق 30 جم,100.00
11101643,نستله هوت شوكلت - هندسه,300.00
8690632246406,نستله شيكولاته 60 جم,95.00
8992696526327,نسكافيه موكا 220 مل,40.00
8445291527867,نستله رولا شيكولاته كراميل 166 جم - 4 ق,200.00
8992696526075,نسكافيه كابتشينو 220 مل,40.00
8690632994079,داماك شيكولاته 55% كاكاو 60 جم,125.00
8445291255784,نستله ايرو شوكلت 90 جم,100.00
8992696526303,نسكافيه لاتيه 220 مل,40.00
8690632712475,داماك شيكولاته فستق & ملبن 60 جم,125.00
8690632994802,داماك شيكولاته بقلاوه 60 جم,150.00
7613034920348,نستله ايرو شوكلت بار 27 جم * 4,200.00
8445291157736,نسكافيه جرين تراينجل موكا كوالتي ستريت,150.00
8992696527577,نسكافيه سبانش لاتيه,40.00
5902205182008,جراندورو نسكافيه جولد 200 جم,380.00
4600680011691,نسكافيه كلاسيك روسي 1 كجم,"1,700.00"
46204813,نسكافيه جولد 95 جم,300.00
8445291292123,نسكافيه فانيليا كوكي دوت لاتيه 7 ق,150.00
4600680000640,نسكافيه جولد 190 جم,450.00
8445290249388,نسكافيه كلاسيك 200 جم,350.00
8445291266506,نسكافيه ايرو بيبرمينت موكا 7 ق,150.00
6223004403866,فرابيه وايت موكا 35 جم,20.00
8000500179864,نوتيلا جار 600 جم,400.00
9800800094,نوتيلا جو مع اصابع البريتزل 54 جم,150.00
80751151,نوتيلا 15 جرام,25.00
8000500310397,نوتيلا بسكويت 166 جم,280.00
8000500426494,نوتيلا فيجان 250 جم,200.00
80135463,نوتيلا جار 200 جم,210.00
80177425,نوتيلا جار 180 جم,180.00
9800800056,نوتيلا جو مع اصابع الخبز 52 جم,75.00
80177173,نوتيلا جار 350 جم,250.00
8000500359358,نوتيلا بسكويت 3 ق,35.00
80809180,نوتيلا برطمان مينى 25 جم,80.00
8000500224281,نوتيلا بي ريدي 22 جم,30.00
8000500390306,نوتيلا بسكويت 193 جم,200.00
8000500310427,نوتيلا بسكويت 22 ق - 304 جم,320.00
8000500367582,نوتيلا جار 600 جم,420.00
8809054401519,يوبوكي توبوكي اوريجنال 120 جم,170.00
8809054402363,يوبوكي هوت & سبايسي 145 جم,250.00
8809054404046,يوبوكي توبوكي كاربونارا 120 جم,170.00
8809054402356,يوبوكي تشيز رابوكي رايس 145 جم,250.00
8809054401533,يوبوكي توبوكي ججانج 120 جم,170.00
648436101436,نودلز كورى بالدو مستر كيمتشي احمر 140 جم,105.00
648436101351,نودلز كورى بالدو صويا صوص سبايسي 130 جم,105.00
8809054401526,يوبوكي توبوكي سبايسي 120 جم,170.00
648436101474,نودلز كورى بالدو مستر كيمتشي اسود 140 جم,105.00
648436100729,نودلز كورى بالدو رامين بالثوم الحار 115 جم,105.00
8809054402738,يوبوكي جاجانج 145 جم,250.00
8809054404039,يوبوكي توبوكي جبنه 120 جم,170.00
8809054403469,يوبوكي توبوكي روز 120 جم,170.00
5065022392552,نوومز كاندى مجفف بطعم الفواكه اللاذعه 110 جم,210.00
5065022392545,نوومز كاندى مجفف بطعم الفواكه 110 جم,210.00
5065022392606,نوومز كاندى مجفف جيلي رينجز 55 جم,210.00
5065022392576,نوومز كاندى مجفف بطعم الليمون 110 جم,210.00
5065022392569,نوومز كاندى مجفف بطعم الفواكه بيرز 75 جم,210.00
5065022392637,نوومز كاندى مجفف بطعم البطيخ 45 جم,210.00
5065022392620,نوومز كاندى مجفف ورمز لاذع 55 جم,210.00
5065022392583,نوومز كاندى مجفف مينى روكس 135 جم,210.00
5065022392590,نوومز كاندى مجفف دريفت روك 110 جم,210.00
5065022392613,نوومز كاندى مجفف رين بيرست 110 جم,210.00
1230000131780,نيردز عنب & فراوله 46.7 جم,80.00
7933925,نيردز بطيخ & شيري 46 جم,80.00
79200048563,نيردز احمر 85 جم,250.00
1230000131384,نيردز فواكهه 141 جم,190.00
79200060657,نيردز ازرق 85 جم,250.00
79200558338,نيردز رينبو 141 جم,190.00
1230000131827,نيردز بطيخ & شيري 46.7 جم,80.00
25,نيردز تانجي كاندي 13 جم,25.00
7933624,نيردز عنب & فراوله 46 جم,80.00
79200616007,نيردز عنب & فراوله 141 جم,190.00
8691216095502,هاريبو وارمس ساور 70 جم,75.00
8691216097148,هاريبو مارشيملو فراوله 70 جم,70.00
4001686327630,هاريبو ريب سوس 175 جم,250.00
4001686102701,هاريبو ريب سوس حلقات 175 جم,280.00
8691216020689,هاريبو جيلي ورمز 80 جم,65.00
8691216094291,هاريبو جيلي جولد بيرز 30 جم,30.00
8691216094321,هاريبو جيلي هابي كولا 30 جم,30.00
8691216094352,هاريبو جيلي ورمز 30 جم,30.00
8691216014909,هاريبو مارشيملو بينك & وايت 70 جم,70.00
8691216095519,هاريبو ميكس ساور 70 جم,75.00
4037400344850,كاتجيس ريب سوس اقدام 175 جم,250.00
8691216019805,هاريبو جيلي روليت 25 جم,20.00
8994504102327,هالو باندا بسكويت فراوله 42 جم,33.50
8994504122332,هالو باندا بسكويت كوكيز كريمه 42 جم,33.50
8994504102310,هالو باندا بسكويت شيكولاته 42 جم,33.50
8994504102334,هالو باندا بسكويت ميلك 42 جم,33.50
8000500273555,هانوتا وافل بندق 2 ق,60.00
8691066112459,هاي هاي بسكويت كاكاو 100 جم,65.00
8691066267050,هاي هاي بسكويت كراميل 100 جم,65.00
8801725001196,هيرشيز وافل يوسفي 55 جم,100.00
3424102,هيرشيز ميلك تشوكليت لوز 41 جم,65.00
6942836703639,كيسيز هيرشيز كوكيز & كريم 146 جم,280.00
34000702343,هيرشيز ميلك تشوكليت لوز 41 جم,65.00
753854500065,هيرشيز شيكولاته كوكيز 40 جم,80.00
6942836707705,كيسيز هيرشيز كوكيز & كريم 146 جم,280.00
8801725001721,هيرشيز وافل كراميل مملح 55 جم,35.00
8801725001219,هيرشيز وافل بندق 55 جم,100.00
34000249862,هيرشيز ميلك تشوكليت 43 جم,65.00
753854500089,هيرشيز شيكولاته بيضا كوكيز كريم 40 جم,65.00
3423909,هيرشيز كوكيز & كريم 43 جم,65.00
6942836703240,كيسيز هيرشيز كريمي ميلك 146 جم,280.00
34000702152,هيرشيز شيكولاته وايت كوكيز & كريم 43 جم,75.00
6942836702403,هيرشيز كريمي ميلك لوز 40 جم,65.00
6942836726034,هيرشيز كوكيز & شوكليت 90 جم,220.00
8801725002193,هيرشيز وافل تشوكلت 55 جم,35.00
6942836703301,كيسيز هيرشيز كريمي ميلك لوز 146 جم,280.00
8901071211192,هيرشيز سيرب كراميل 623 جم,250.00
753854500102,هيرشيز شيكولاته ميلك 40 جم,75.00
3431801,هيرشيز سيرب فراوله 623 جم,250.00
6224010439023,هيلثي سبريد كيدز 375 مل,220.00
6224010439306,هيلثي سبريد اسبريسو 375 جم,300.00
6224010439283,هيلثي سبريد فيجان 375 جم,250.00
6224010439016,هيلثي سبريد ساده 375 جم,250.00
6224010439115,هيلثي سبريد بروتين 375 جم,250.00
6224010439085,هيلثي سبريد برستيج 375 جم,300.00
6224010439030,هيلثي سبريد فيجن 375 جم,250.00
725765695574,هيلثي كولا ليمون 330 مل,20.00
725765695543,هيلثي كولا اناناس 330 مل,20.00
725765695598,هيلثي كولا اوريجينال 330 ملل,10.00
725765695581,هيلثي كولا تفاح اخضر 330 مل,20.00
725765695567,هيلثي كولا ليمون نعناع 330 مل,20.00
725765695550,هيلثي كولا برتقال 330 مل,20.00
850035248041,وار هيدز ساور بطيخ 355 مل,150.00
850035248034,وار هيدز ساور توت اسود 355 مل,150.00
32134235010,وارهيدز جيلي بينز 113 جم,150.00
850035248010,وار هيدز ساور توت ازرق 355 مل,150.00
32134210420,وارهيدز وارمز فواكه 99 جم,150.00
32134232248,وارهيدز كيوبس فواكه 113 جم,150.00
32134212264,وارهيدز اوزي ساور فواكه 99 جم,150.00
850035248874,وار هيدز ساور عنب 355 مل,150.00
32134285053,وارهيدز ويدجز ساور 99 جم,150.00
8435124856363,وارهيدز سوبر ساور نكهات 20 جم,40.00
850035248003,وار هيدز ساور تفاح اخضر 355 مل,150.00
32134239186,وارهيدز كيوبس ساور جلاستيك 99 جم,150.00
6984025549017,وارهيدز سوبر ساور فواكهه 20 مل,30.00
32134239506,وارهيدز كيوبس ميكس بيري 99 جم,150.00
5010169035473,واكرز ليكو رايس توفي عرقسوس 150 جم,200.00
5010169035398,واكرز انجلش كريمى توفي 150 جم,200.00
5010169035466,واكرز ميلك شوكليت اكلير 150 جم,200.00
4014400929782,ويزرس توفي سوفت 100 جم,130.00
4014400907636,ويزرس شوجر فري كريم 70 جم,140.00
4014400919073,ويزرس شوجر فري شيكولاته 60 جم,130.00
40144016,ويزرس بونبون كريمه 50 جم,50.00
4014400930634,ويزرس سوفت اكليرز 100 جم,130.00
4014400916591,ويزرس سوفت تشوكلت كراميل 100 جم,120.00
4014400925319,ويزرس كراميل بوب كورن كلاسيك 140 جم,165.00
4014400913910,ويزرس كريمي فيلينج 125 جم,130.00
4014400900880,ويزرس كريمي كاندي 125 جم,130.00
4014400914412,ويزرس كريمي كوفي 125 جم,120.00
8691066111445,ويفر ماستر رولز بندق 2 ق,5.00
8691066189055,ويفر ماستر رولز فانيليا 65 جم,35.00
8691066170121,ويفر ماستر كريبي بندق 240 جم,160.00
8691066188058,ويفر ماستر رولز فراوله 65 جم,35.00
8691066187051,ويفر ماستر رولز كابتشينو 65 جم,35.00
8691066104553,ويفر ماستر كريبي بندق 65 جم,35.00
8691066104959,ويفر ماستر كريبي شوكولاته 65 جم,35.00
8691066125725,ويفر ماستر رولز شيكولاته 250 جم,140.00
8691066151625,ويفر ماستر رولز شيكولاته 120 جم,75.00
8691066112473,ويفر ماستر رولز بندق 250 جم,160.00
8691066182353,ويفر ماستر رولز فول سوداني 65 جم,35.00
8691066111643,ويفر ماستر رولز بندق 120 جم,75.00
8691066180052,ويفر ماستر رولز بندق 65 جم,35.00
8691066121932,ويفر ماستر رولز بندق 27 جم,25.00
8992741904315,يوبا جيلي هوت دوج 28 جم,17.00
8992741906753,يوبا جيلي هوت دوج كولا 28 جم,17.00
6224011376631,يوني كافيه كلاسيك 2 جم,5.00
6224011376242,يوني كافيه كابتشينو شوكليت 20 جم,12.00
6224011376259,يوني كافيه كابتشينو بندق 20 جم,12.00
6224011376266,يوني كافيه كابتشينو كراميل 20 جم,12.00
6224011376693,يوني كافيه 2*1 بدون سكر 12 جم,7.00
6224011376662,يوني كافيه 3*1 اورجينال 20 جم,8.00
6224011376884,يوني مينت بيبر مينت 30 ق,10.00
6224011376235,يوني كافيه كابتشينو اورجينال 20 جم,12.00
6224011376273,يوني كافيه كابتشينو دايت 15 جم,12.00
6224011376877,يوني مينت مانجو 30 ق,10.00
6224011376280,يوني كافيه هوت شوكليت اوجينال 20 جم,12.00
6224002825131,يوني كافيه جولد 2 جم,6.00
6224011376860,يوني مينت برتقال 30 ق,10.00
4398,,